link_id,from,to,status,n_tracks,passenger_lines_mode,osm_min_m,osm_max_m,beeline_m,ratio,eq_speed_kmh,untagged_pct,gtfs_min_s,gtfs_trips,implied_kmh,gtfs_routes,osm_way_ids
S00023_S01748,S00023,S01748,ok,21,1,6107.2,6684.8,6049.6,1.0095,,3.5,360,18,61.1,R27,58767269 58767273 58767276 58767296 58767317 58767319 58767331 58767356 58767360 58767364 59452962 190097294 191273369 191273382 542336266 758692403 900917876 908558948 984939486 1056868558 1056868559 1230667896 1230667897 1230675678 1230675679 1241139695 1241139696 1293290426 1425204552 1444290831 1444290832
S00030_S00031,S00030,S00031,ok,2,2,3831.2,3832.2,3828.0,1.0008,,100.0,180,4,76.6,R25,449115953
S00030_S00248,S00030,S00248,ok,2,2,8196.1,8198.0,7978.9,1.0272,,91.1,420,5,70.3,R25,33237608 191503847 984389153 986388513 1085919020 1293290414
S00031_S00030,S00031,S00030,ok,2,2,3831.2,3832.2,3828.0,1.0008,,100.0,180,5,76.6,R25,449115953
S00031_S00032,S00031,S00032,ok,2,2,4382.6,4383.2,4378.7,1.0009,,100.0,240,4,65.7,R25,449115953
S00032_S00031,S00032,S00031,ok,2,2,4382.6,4383.2,4378.7,1.0009,,100.0,180,5,87.7,R25,449115953
S00032_S00033,S00032,S00033,ok,2,2,2474.6,2475.3,2472.2,1.001,,100.0,180,4,49.5,R25,33237608
S00033_S00032,S00033,S00032,ok,2,2,2474.6,2475.3,2472.2,1.001,,100.0,180,5,49.5,R25,33237608
S00033_S00034,S00033,S00034,ok,2,2,5341.7,5343.5,5276.4,1.0124,,100.0,360,4,53.4,R25,33237608 1255050231 1255050232 1374524597 1374524598 1374566005 1374566006 1374566015 1374566016 1374566019 1374566020 1374566025 1374566026 1374612175 1374612176 1374612183 1374612184 1374612187 1374612188 1374612191 1374612192 1374612197 1374612198 1374612200
S00034_S00033,S00034,S00033,ok,2,2,5341.7,5343.5,5276.4,1.0124,,100.0,240,5,80.1,R25,33237608 1255050231 1255050232 1374524597 1374524598 1374566005 1374566006 1374566015 1374566016 1374566019 1374566020 1374566025 1374566026 1374612175 1374612176 1374612183 1374612184 1374612187 1374612188 1374612191 1374612192 1374612197 1374612198 1374612200
S00034_S00036,S00034,S00036,ok,22,2,4661.5,5534.4,4726.9,0.9862,,37.2,240,6,69.9,R25|R31,439986910 440241658 521874374 984063338 986388514 1255050234 1259458592 1259539709 1280616557 1280616558
S00034_S00273,S00034,S00273,ok,22,1,5713.0,6171.3,5345.8,1.0687,,9.5,360,14,57.1,R36,33237610 326542846 380494239 380494240 380494241 380494242 380494243 380494244 439986918 997750167 1155250906 1235199685 1235199686 1259458556 1259458557 1352516813 1352516814 1352516815 1352516816 1352516820 1352516821 1352516822 1352516823 1352516828 1352516829 1352516830 1352516831 1352516833 1352516834 1352516835 1352516836 1352516839 1352516840 1352516841 1352516842 1352516845 1352516846 1385919685 1415271371 1415271372 1415445732 1415445733 1421933036 1421933037
S00034_S00274,S00034,S00274,ok,22,1,5999.1,6872.0,5616.5,1.0681,,4.4,420,14,51.4,R36,37959413 326827034 326827035 326992726 326992727 326992729 439986910 984063338 997750169 997750170 1235297927 1255050234 1256711387 1256711388 1256711389 1256711391 1256711392 1256711395 1256711397 1256711398 1256711400 1256711401 1256711409 1256711410 1256711411 1256711412 1256711413 1256711423 1256711424 1256711425 1256711426 1256714616 1256714617 1256714624 1256714625 1256714628 1256714629 1256714638 1428078094 1428078095 1434249147 1434249148
S00034_S01060,S00034,S01060,ok,22,1,5257.1,5573.8,4886.1,1.0759,,11.7,300,24,63.1,R31,208632680 326915950 439940597 439992818 984063337 1255050231 1255050232 1413939400
S00036_S00034,S00036,S00034,ok,22,2,4661.5,5534.4,4726.9,0.9862,,37.2,240,6,69.9,R25|R31,439986910 440241658 521874374 984063338 986388514 1255050234 1259458592 1259539709 1280616557 1280616558
S00036_S00037,S00036,S00037,ok,2,2,7159.3,7159.5,7159.3,1.0,135.0,0.0,300,6,85.9,R25|R31,440243743 521874373 521874374 531774025 531774034 1093584003 1243057034 1243057035 1243057039 1243057046 1243057047 1243057052 1243057053 1250933007 1250933009 1250933010 1250933015 1250933016 1250933021 1250933022 1256336169 1256336170 1256343774 1256343775 1256343787 1256343792 1256343793 1256343795 1256343796 1256343798 1256343799 1256343804 1256343805 1256343812 1256343821 1256343822 1256343827 1256343828 1256343831 1256343832 1256343837 1256343838
S00037_S00036,S00037,S00036,ok,2,2,7159.3,7159.5,7159.3,1.0,135.0,0.0,300,6,85.9,R25|R31,440243743 521874373 521874374 531774025 531774034 1093584003 1243057034 1243057035 1243057039 1243057046 1243057047 1243057052 1243057053 1250933007 1250933009 1250933010 1250933015 1250933016 1250933021 1250933022 1256336169 1256336170 1256343774 1256343775 1256343787 1256343792 1256343793 1256343795 1256343796 1256343798 1256343799 1256343804 1256343805 1256343812 1256343821 1256343822 1256343827 1256343828 1256343831 1256343832 1256343837 1256343838
S00037_S00038,S00037,S00038,ok,2,2,4473.8,4474.3,4474.4,0.9999,135.0,0.0,180,6,89.5,R25|R31,51992474 277120243 418095873 418095876 1256331976 1256331991 1256331996 1256331997 1256332008 1256332009 1256332012 1256332013 1256332018 1256332019 1256332022 1256332023 1256332024 1256332025 1256332030 1256332031 1256336139 1256336140 1256336143 1256336144 1256336151 1256336152 1256336155 1256336156 1256336159 1256336160 1256336165 1256336166 1306396965
S00038_S00037,S00038,S00037,ok,2,2,4473.8,4474.3,4474.4,0.9999,135.0,0.0,180,6,89.5,R25|R31,51992474 277120243 418095873 418095876 1256331976 1256331991 1256331996 1256331997 1256332008 1256332009 1256332012 1256332013 1256332018 1256332019 1256332022 1256332023 1256332024 1256332025 1256332030 1256332031 1256336139 1256336140 1256336143 1256336144 1256336151 1256336152 1256336155 1256336156 1256336159 1256336160 1256336165 1256336166 1306396965
S00038_S00039,S00038,S00039,ok,2,2,5808.5,5810.8,5755.5,1.0092,,1.8,240,6,87.1,R25|R31,375852079 377872121 440234284 1288544991 1288544992 1288544993 1306396967 1307151742 1307151743 1384394176 1384394177 1384394180 1384394181 1384394186 1384394187 1387188472 1387188473 1387188478 1387188479 1387188483 1387442820 1387442821 1387442824 1387442826 1414742870 1414742871
S00039_S00038,S00039,S00038,ok,2,2,5808.5,5810.8,5755.5,1.0092,,1.8,240,6,87.1,R25|R31,375852079 377872121 440234284 1288544991 1288544992 1288544993 1306396967 1307151742 1307151743 1384394176 1384394177 1384394180 1384394181 1384394186 1384394187 1387188472 1387188473 1387188478 1387188479 1387188483 1387442820 1387442821 1387442824 1387442826 1414742870 1414742871
S00039_S00041,S00039,S00041,ok,6,2,6145.5,6253.1,4937.6,1.2446,,12.9,240,20,92.2,R25|R31|R35,33237599 207985159 255927575 322880691 322880693 322880694 375852080 375852084 377873432 377873433 377874105 377874170 377874659 1217740503 1288544993 1363460403 1363460404
S00039_S00406,S00039,S00406,ok,6,1,7548.9,8194.9,7485.6,1.0085,,1.8,360,15,75.5,R35,377872121 386452922 438798387 448825936 448825937 986417465 986417466 1237284831 1256327504 1256327505 1256327510 1256327511 1256327512 1256327513 1256327516 1256327517 1256327518 1256327519 1256327520 1256327521 1256327522 1256327523 1286706462 1286706486 1286706487 1357682732 1357682733 1363399765 1363399766 1363399769 1363399770 1363399773 1363399774 1363399777 1363399778 1363402083 1363402084 1363402091 1363402092 1363402093 1363402094 1363402097 1363402098 1363402101 1363402102 1363402103 1363402104 1387442818 1387442819 1414742864 1414742865
S00041_S00039,S00041,S00039,ok,6,2,6145.5,6253.1,4937.6,1.2446,,12.9,240,20,92.2,R25|R31|R35,33237599 207985159 255927575 322880691 322880693 322880694 375852080 375852084 377873432 377873433 377874105 377874170 377874659 1217740503 1288544993 1363460403 1363460404
S00041_S00042,S00041,S00042,ok,7,2,5794.8,5806.8,5763.8,1.0054,,9.3,300,20,69.5,R25|R31|R35,255927575 322880689 322880696 322880697 322890436 322890437 322890438 322890439 322890440 322890441 1013381408
S00042_S00041,S00042,S00041,ok,7,2,5794.8,5806.8,5763.8,1.0054,,9.3,300,20,69.5,R25|R31|R35,255927575 322880689 322880696 322880697 322890436 322890437 322890438 322890439 322890440 322890441 1013381408
S00042_S00470,S00042,S00470,ok,2,2,8124.5,8126.5,7114.9,1.1419,,2.0,480,20,60.9,R25|R31|R35,178494294 178494301 178495942 178495944 178495945 220133799 314723105 314723107 322890436 322896740 322896743 322897016 408712348 408712349 408712350 813096538 813096539
S00245_S00271,S00245,S00271,ok,9,1,10321.2,10704.3,9561.7,1.0794,,5.3,480,14,77.4,R36,23701923 79560302 79560307 97075990 97080719 97080725 99863028 200282168 322938278 384702154 384702155 384702156 384702157 759253360 759253362 840101379 840101380 840101388 840101389 840133497 840133498 840217639 840217640 984757789 997750166 1093089328 1272615407 1272615408 1272615409 1272615410 1272615411 1272615447 1272615448 1272615468 1272615469 1272616924 1272616925 1283246450 1386019401 1386019402 1386019412 1386019413
S00248_S00030,S00248,S00030,ok,2,2,8196.1,8198.0,7978.9,1.0272,,91.1,300,4,98.4,R25,33237608 191503847 984389153 986388513 1085919020 1293290414
S00248_S00252,S00248,S00252,ok,18,2,9484.1,9911.3,9293.2,1.0205,,13.4,420,37,81.3,S6,58725209 58725222 118201374 207986370 224105472 224107636 224107638 224111685 224113430 224113432 224113433 241029003 395732541 984389149 984389151 984389157 1092442196 1243659848 1243659850 1243659856 1270205154 1370118162 1450437083
S00252_S00248,S00252,S00248,ok,18,2,9484.1,9911.3,9293.2,1.0205,,13.4,540,36,63.2,S6,58725209 58725222 118201374 207986370 224105472 224107636 224107638 224111685 224113430 224113432 224113433 241029003 395732541 984389149 984389151 984389157 1092442196 1243659848 1243659850 1243659856 1270205154 1370118162 1450437083
S00252_S01040,S00252,S01040,ok,5,2,11850.4,11856.7,11865.3,0.9987,,3.0,420,37,101.6,S6,59164999 59165009 59457733 59459690 59459691 60500495 60500506 89980828 224098917 224100296 224101880 224101881 224105475 308563499 308563506 984389145 984389146 984389147 984389148
S00271_S00245,S00271,S00245,ok,9,1,10321.2,10704.3,9561.7,1.0794,,5.3,660,14,56.3,R36,23701923 79560302 79560307 97075990 97080719 97080725 99863028 200282168 322938278 384702154 384702155 384702156 384702157 759253360 759253362 840101379 840101380 840101388 840101389 840133497 840133498 840217639 840217640 984757789 997750166 1093089328 1272615407 1272615408 1272615409 1272615410 1272615411 1272615447 1272615448 1272615468 1272615469 1272616924 1272616925 1283246450 1386019401 1386019402 1386019412 1386019413
S00271_S00272,S00271,S00272,ok,1,1,5168.3,5168.3,5144.1,1.0047,120.0,0.0,240,14,77.5,R36,382099410 382099413 1235199681 1235199682 1283246450 1283246451 1283246452 1283246453 1283246454 1283246455 1283246462 1283246463 1283246464 1283246465 1283246466 1283246467 1283247602 1283247603 1283247604 1283247605 1283247610 1283247611 1283340719 1283340720 1283340721 1283340722 1283340729 1283340730 1283619837 1283619838 1287782413 1287782414 1287782419 1287782420 1287782421 1287782422 1287782423 1287782424 1287782425 1287782429 1287782430 1287782431 1287782432 1287782433 1287782434 1432670834 1432670835 1432670836 1432670837 1432670842 1432670843
S00272_S00271,S00272,S00271,ok,1,1,5168.3,5168.3,5144.1,1.0047,120.0,0.0,300,14,62.0,R36,382099410 382099413 1235199681 1235199682 1283246450 1283246451 1283246452 1283246453 1283246454 1283246455 1283246462 1283246463 1283246464 1283246465 1283246466 1283246467 1283247602 1283247603 1283247604 1283247605 1283247610 1283247611 1283340719 1283340720 1283340721 1283340722 1283340729 1283340730 1283619837 1283619838 1287782413 1287782414 1287782419 1287782420 1287782421 1287782422 1287782423 1287782424 1287782425 1287782429 1287782430 1287782431 1287782432 1287782433 1287782434 1432670834 1432670835 1432670836 1432670837 1432670842 1432670843
S00272_S00273,S00272,S00273,ok,2,1,6237.0,6237.0,6222.8,1.0023,101.1,0.0,300,14,74.8,R36,316197550 316197558 326542844 1015328352 1249925262 1249925263 1262088802 1262088803 1262097088 1262097089 1262097096 1262097097 1268162466 1268162467 1268162472 1268162473 1268162475 1268162476 1287782435 1287782436 1287782437 1287782438 1287782439 1287782440 1287782443 1287782444 1287782447 1287782448 1287782451 1287782452 1385912224 1385912225 1385919685 1385919686 1413167913 1413167914 1413167915 1413167916 1416717256 1416717257 1433352298 1433352299
S00273_S00034,S00273,S00034,ok,22,1,5713.0,6171.3,5345.8,1.0687,,9.5,360,14,57.1,R36,33237610 326542846 380494239 380494240 380494241 380494242 380494243 380494244 439986918 997750167 1155250906 1235199685 1235199686 1259458556 1259458557 1352516813 1352516814 1352516815 1352516816 1352516820 1352516821 1352516822 1352516823 1352516828 1352516829 1352516830 1352516831 1352516833 1352516834 1352516835 1352516836 1352516839 1352516840 1352516841 1352516842 1352516845 1352516846 1385919685 1415271371 1415271372 1415445732 1415445733 1421933036 1421933037
S00273_S00272,S00273,S00272,ok,2,1,6237.0,6237.0,6222.8,1.0023,101.1,0.0,300,14,74.8,R36,316197550 316197558 326542844 1015328352 1249925262 1249925263 1262088802 1262088803 1262097088 1262097089 1262097096 1262097097 1268162466 1268162467 1268162472 1268162473 1268162475 1268162476 1287782435 1287782436 1287782437 1287782438 1287782439 1287782440 1287782443 1287782444 1287782447 1287782448 1287782451 1287782452 1385912224 1385912225 1385919685 1385919686 1413167913 1413167914 1413167915 1413167916 1416717256 1416717257 1433352298 1433352299
S00274_S00034,S00274,S00034,ok,22,1,5999.1,6872.0,5616.5,1.0681,,4.4,540,15,40.0,R36,37959413 326827034 326827035 326992726 326992727 326992729 439986910 984063338 997750169 997750170 1235297927 1255050234 1256711387 1256711388 1256711389 1256711391 1256711392 1256711395 1256711397 1256711398 1256711400 1256711401 1256711409 1256711410 1256711411 1256711412 1256711413 1256711423 1256711424 1256711425 1256711426 1256714616 1256714617 1256714624 1256714625 1256714628 1256714629 1256714638 1428078094 1428078095 1434249147 1434249148
S00274_S00275,S00274,S00275,ok,1,1,6239.7,6239.7,6239.3,1.0001,120.0,0.0,360,14,62.4,R36,272364817 334607255 334607260 1242919965 1242919966 1242919979 1242919980 1242919981 1242919982 1256714638 1256714639 1256714644 1256714645 1256714648 1256714649 1256714654 1256714655 1256714664 1256714665 1256714666 1256714667 1256714672 1256714673 1256722750 1256722751 1256722758 1256722759 1256722760 1256722761 1256722769 1256722770 1256722771 1256722772 1256722777 1256722778 1256722783 1256722784 1256722787 1256722788 1256722789 1256722790 1256722792 1256722793 1256722794 1256722796 1256722801 1256722802 1256722803 1256722804
S00275_S00274,S00275,S00274,ok,1,1,6239.7,6239.7,6239.3,1.0001,120.0,0.0,300,15,74.9,R36,272364817 334607255 334607260 1242919965 1242919966 1242919979 1242919980 1242919981 1242919982 1256714638 1256714639 1256714644 1256714645 1256714648 1256714649 1256714654 1256714655 1256714664 1256714665 1256714666 1256714667 1256714672 1256714673 1256722750 1256722751 1256722758 1256722759 1256722760 1256722761 1256722769 1256722770 1256722771 1256722772 1256722777 1256722778 1256722783 1256722784 1256722787 1256722788 1256722789 1256722790 1256722792 1256722793 1256722794 1256722796 1256722801 1256722802 1256722803 1256722804
S00275_S00276,S00275,S00276,ok,1,1,4610.6,4610.6,4539.7,1.0156,115.5,0.0,360,14,46.1,R36,329353219 334607255 1235297940 1235297941 1246924199 1246924201 1246924202 1268834546 1268834547 1268834549 1268834550 1351522972 1351522973
S00276_S00275,S00276,S00275,ok,1,1,4610.6,4610.6,4539.7,1.0156,115.5,0.0,300,15,55.3,R36,329353219 334607255 1235297940 1235297941 1246924199 1246924201 1246924202 1268834546 1268834547 1268834549 1268834550 1351522972 1351522973
S00276_S00277,S00276,S00277,ok,2,1,5865.8,5866.3,5811.5,1.0093,115.1,0.0,360,14,58.7,R36,329353226 335812132 335812134 997750173 1235297941 1267531735 1267531736
S00277_S00276,S00277,S00276,ok,2,1,5865.8,5866.3,5811.5,1.0093,115.1,0.0,300,15,70.4,R36,329353226 335812132 335812134 997750173 1235297941 1267531735 1267531736
S00277_S00278,S00277,S00278,ok,1,1,4018.8,4018.8,4018.8,1.0,120.0,0.0,240,14,60.3,R36,63872601 63872648 335812134
S00278_S00277,S00278,S00277,ok,1,1,4018.8,4018.8,4018.8,1.0,120.0,0.0,240,15,60.3,R36,63872601 63872648 335812134
S00278_S00279,S00278,S00279,ok,1,1,2919.4,2919.4,2821.9,1.0346,,0.0,300,14,35.0,R36,63872648 620626351 997750175
S00279_S00278,S00279,S00278,ok,1,1,2919.4,2919.4,2821.9,1.0346,,0.0,180,15,58.4,R36,63872648 620626351 997750175
S00279_S01860,S00279,S01860,ok,6,1,7575.9,7667.6,7525.3,1.0067,91.9,0.0,420,15,64.9,R35|R36,37959751 44636558 44636559 93134944 131849219 137566517 137566518 137566521 620626350 620626352 858836317 898591249 986417461 986417462 997750174 1235566158 1235566160 1235566161 1235566162 1424600325 1464441422
S00400_S00279,S00400,S00279,ok,1,1,3351.7,3351.7,3418.2,0.9805,130.0,0.0,180,1,67.0,R35,62060352 1278047254 1278047257 1278047258 1278047259 1278047260 1278047261 1278047267 1278047275 1278047276 1362334506
S00400_S00401,S00400,S00401,ok,1,1,2602.2,2602.2,2604.5,0.9991,130.0,0.0,180,14,52.0,R35,1278047238 1278047239 1278047240 1278047241 1278047242 1278047243 1278047248 1278047249 1278047250 1278047251 1278047254
S00400_S00408,S00400,S00408,ok,1,1,1440.3,1440.3,1440.3,1.0,130.0,0.0,120,14,43.2,R35,1278047254 1278047257 1278047258 1278047259 1278047260 1278047261 1278047267
S00401_S00400,S00401,S00400,ok,1,1,2602.2,2602.2,2604.5,0.9991,130.0,0.0,180,15,52.0,R35,1278047238 1278047239 1278047240 1278047241 1278047242 1278047243 1278047248 1278047249 1278047250 1278047251 1278047254
S00401_S00402,S00401,S00402,ok,2,1,3313.8,3316.2,3279.6,1.0104,100.0,0.0,180,14,66.3,R35,85177085 339150347 339150348 986417464 1275433720 1278015905 1278044364 1278044365 1278047232 1362305474 1362305475 1362334501 1362334502 1362334503 1362334504
S00402_S00401,S00402,S00401,ok,2,1,3313.8,3316.2,3279.6,1.0104,100.0,0.0,180,15,66.3,R35,85177085 339150347 339150348 986417464 1275433720 1278015905 1278044364 1278044365 1278047232 1362305474 1362305475 1362334501 1362334502 1362334503 1362334504
S00402_S00403,S00402,S00403,ok,2,1,4439.2,4448.2,4435.1,1.0009,130.0,0.0,240,14,66.6,R35,85177104 1249346676 1249346677 1249349618 1249349619 1275428190 1275428191 1275428192 1275428193 1278015908 1278015909 1278044395 1278044396 1278044397 1278044398 1278044399 1278044400 1278044401 1278044402 1278044403 1278044404 1278044407 1278044408 1278044412 1278044413 1278044425 1278044426 1362305468 1362305469 1362305472 1362305473
S00403_S00402,S00403,S00402,ok,2,1,4439.2,4448.2,4435.1,1.0009,130.0,0.0,240,15,66.6,R35,85177104 1249346676 1249346677 1249349618 1249349619 1275428190 1275428191 1275428192 1275428193 1278015908 1278015909 1278044395 1278044396 1278044397 1278044398 1278044399 1278044400 1278044401 1278044402 1278044403 1278044404 1278044407 1278044408 1278044412 1278044413 1278044425 1278044426 1362305468 1362305469 1362305472 1362305473
S00403_S00404,S00403,S00404,ok,2,1,3529.6,3529.8,3397.9,1.0388,130.0,0.0,240,14,52.9,R35,50230212 62060333 1249346676 1316561170 1316561171 1362296727 1362296728 1362296731 1362296732 1362296735 1362296736
S00404_S00403,S00404,S00403,ok,2,1,3529.6,3529.8,3397.9,1.0388,130.0,0.0,180,15,70.6,R35,50230212 62060333 1249346676 1316561170 1316561171 1362296727 1362296728 1362296731 1362296732 1362296735 1362296736
S00404_S00405,S00404,S00405,ok,1,1,5353.6,5353.6,5036.7,1.0629,130.0,0.0,300,14,64.2,R35,386452912 386452919 386452929 412174026 414810095 414810096 1249187888 1249258107 1249258108 1249258109 1249258110 1249258113 1249258114 1249258115 1249258116 1249258119 1249258129 1249258130 1249258131 1253177378 1253177379 1316561170 1362296723 1362296724
S00405_S00404,S00405,S00404,ok,1,1,5353.6,5353.6,5036.7,1.0629,130.0,0.0,240,15,80.3,R35,386452912 386452919 386452929 412174026 414810095 414810096 1249187888 1249258107 1249258108 1249258109 1249258110 1249258113 1249258114 1249258115 1249258116 1249258119 1249258129 1249258130 1249258131 1253177378 1253177379 1316561170 1362296723 1362296724
S00405_S00406,S00405,S00406,ok,2,1,5123.9,5124.0,5084.0,1.0079,130.0,0.0,360,14,51.2,R35,1249187888 1249187900 1249187903 1249187904 1249187905 1249187906 1252210741 1252210742 1252210749 1252210750 1303876914 1361880913 1361880914 1362041407 1362041408 1362041424 1362041425 1362041427 1362041428 1362041429 1362041430 1362061819 1362061820 1362061821 1362061822 1362061823 1362061824 1362061825 1362061826 1362061837 1362061838 1362061839 1362061840 1362061841 1362061842 1362061847 1362061848 1362061851 1362061852 1363399765
S00406_S00039,S00406,S00039,ok,6,1,7548.9,8194.9,7485.6,1.0085,,1.8,540,14,50.3,R35,377872121 386452922 438798387 448825936 448825937 986417465 986417466 1237284831 1256327504 1256327505 1256327510 1256327511 1256327512 1256327513 1256327516 1256327517 1256327518 1256327519 1256327520 1256327521 1256327522 1256327523 1286706462 1286706486 1286706487 1357682732 1357682733 1363399765 1363399766 1363399769 1363399770 1363399773 1363399774 1363399777 1363399778 1363402083 1363402084 1363402091 1363402092 1363402093 1363402094 1363402097 1363402098 1363402101 1363402102 1363402103 1363402104 1387442818 1387442819 1414742864 1414742865
S00406_S00405,S00406,S00405,ok,2,1,5123.9,5124.0,5084.0,1.0079,130.0,0.0,300,15,61.5,R35,1249187888 1249187900 1249187903 1249187904 1249187905 1249187906 1252210741 1252210742 1252210749 1252210750 1303876914 1361880913 1361880914 1362041407 1362041408 1362041424 1362041425 1362041427 1362041428 1362041429 1362041430 1362061819 1362061820 1362061821 1362061822 1362061823 1362061824 1362061825 1362061826 1362061837 1362061838 1362061839 1362061840 1362061841 1362061842 1362061847 1362061848 1362061851 1362061852 1363399765
S00408_S00400,S00408,S00400,ok,1,1,1440.3,1440.3,1440.3,1.0,130.0,0.0,120,14,43.2,R35,1278047254 1278047257 1278047258 1278047259 1278047260 1278047261 1278047267
S00408_S01860,S00408,S01860,ok,1,1,9579.0,9579.0,9453.3,1.0133,109.6,0.0,600,14,57.5,R35,37959751 44636558 44636559 62060352 93134944 131849219 137566517 137566518 137566521 858836317 898591249 898595254 986417461 986417462 1235566159 1235566160 1235566161 1235566162 1278047267 1278047275 1278047276 1362334506 1424600325 1464441422
S00462_S00470,S00462,S00470,ok,6,2,34236.8,34298.3,31616.4,1.0829,,3.7,1200,5,102.7,RE13,178494290 178494294 178494301 178567365 178567367 178596324 222599968 222600010 222600012 235306719 401398822 401398823 401398826 401398827 408293244 408320334 408320337 408414805 408414810 408437095 408445719 408445721 408445731 408445740 408701754 408701761 408701762 408712351 685274999 988901946 988901948 988901950 988901951 988901952 988901953 1095223157
S00470_S00042,S00470,S00042,ok,2,2,8124.5,8126.5,7114.9,1.1419,,2.0,420,20,69.6,R25|R31|R35,178494294 178494301 178495942 178495944 178495945 220133799 314723105 314723107 322890436 322896740 322896743 322897016 408712348 408712349 408712350 813096538 813096539
S00470_S00462,S00470,S00462,ok,6,2,34236.8,34298.3,31616.4,1.0829,,3.7,1200,6,102.7,RE13,178494290 178494294 178494301 178567365 178567367 178596324 222599968 222600010 222600012 235306719 401398822 401398823 401398826 401398827 408293244 408320334 408320337 408414805 408414810 408437095 408445719 408445721 408445731 408445740 408701754 408701761 408701762 408712351 685274999 988901946 988901948 988901950 988901951 988901952 988901953 1095223157
S00470_S01810,S00470,S01810,ok,16,2,21808.2,21829.6,20070.0,1.0866,,1.9,900,6,87.2,RE13,26382995 69249552 69249560 76260403 76260528 76260542 87044813 178494299 178711368 191732753 281246006 281485194 325312090 325420675 451752912 545768678 759253350 984003153 984003154 984003155 1233853669
S01002_S01766,S01002,S01766,ok,8,1,2491.5,2602.6,2267.3,1.0989,61.6,0.0,240,7,37.4,R3,30645819 41131372 41131373 166961859 166961860 1185919653 1185919654 1454681420
S01002_S01767,S01002,S01767,ok,8,1,8402.7,8513.7,6551.0,1.2827,63.2,0.0,660,7,45.8,RE3,29341533 30645819 41131372 41131373 166961859 166961860 299485770 299485771 370088395 370088396 467205697 984898923 986994311 986994312 1185919653 1185919654 1246293230 1246293231 1454681420
S01003_S01009,S01003,S01009,ok,28,2,15457.9,15543.2,12785.8,1.209,,1.6,600,1,92.7,RE4,6238621 32947101 111289068 111289079 111429374 111429380 111429390 111429398 111429404 111429409 111429432 111559545 111559552 111559564 111559583 111773399 111773412 111874301 111874324 141641255 227126064 276264799 276264801 276264804 276264805 276268153 276268159 276269878 276269879 276269880 276269881 276269884 276269887 276278027 276278028 276278029 276278033 276278034 276278035 276278036 276278038 276279618 276279623 279496086 279499244 293880638 304017015 304017018 304017028 462887449 603757042 759372743 984499865 1340484096 1340484097 1345412929 1345412930 1345412932 1345412936 1345412937 1346167840
S01003_S01013,S01003,S01013,ok,28,2,29377.8,29463.0,23412.1,1.2548,,1.1,1140,10,92.8,RE4,6237673 6238619 6238621 32947101 60232407 60232408 60232875 91651548 91651552 91756114 92354887 92354893 92354911 92354918 92354920 92809550 92809551 92809552 92809553 92979275 92979283 111289068 111289079 111429374 111429380 111429390 111429398 111429404 111429409 111429432 111559545 111559552 111559564 111559583 111773399 111773412 111874301 111874324 141641255 196551845 196551848 227123416 227123417 227126035 227126036 227126060 227126063 227126064 276264799 276264801 276264804 276264805 276268153 276268159 276269878 276269879 276269880 276269881 276269884 276269887 276278027 276278028 276278029 276278033 276278034 276278035 276278036 276278038 276279618 276279623 279496086 279499244 293880638 304012800 304017015 304017018 304017028 462887449 603757042 759372739 759372741 759372743 807302725 807302726 984499865 984499868 1340484096 1340484097 1345412929 1345412930 1345412932 1345412936 1345412937 1346167840
S01005_S01771,S01005,S01771,ok,7,1,9786.1,9914.0,8602.9,1.1375,,0.7,540,6,65.2,RE3,235632824 235632825 301151610 301151611 301953370 301953371 301953372 301953373 650677051 984898917 1156573065 1156573066 1246293220 1246293221 1339509758 1454677275 1454677278
S01005_S01772,S01005,S01772,ok,7,1,5360.7,5488.7,4924.8,1.0885,,0.0,360,8,53.6,R3,301151610 301151611 301953370 301953371 301953372 301953373 650677051 984898917 1339509758
S01005_S01774,S01005,S01774,ok,7,1,3764.3,4010.1,3355.2,1.1219,,1.8,240,9,56.5,R3,231975832 231975833 529442378 529442379 650677050 789237290 789237291 974103617 974103618 984898914 984898915 984898916 1246293218 1246293219
S01005_S01778,S01005,S01778,ok,7,1,12324.4,12570.3,11601.8,1.0623,,0.5,720,7,61.6,RE3,180306865 180306866 231975832 231975833 529442378 529442379 650677050 789237290 789237291 974103617 974103618 984898914 984898915 984898916 1246293218 1246293219 1273465797 1273465798
S01006_S01014,S01006,S01014,ok,3,1,10992.3,10993.4,10420.2,1.0549,,5.7,600,7,66.0,RE3,66835959 66835970 164461754 164461755 373542082 373542083 373542084 373542085 373542086 373542087 373542088 427164042 427164083 427165110 427165111 428090730 428090733 984898911 984898913 1246293216 1246293217 1421044762
S01006_S01778,S01006,S01778,ok,3,1,1193.8,1199.6,1143.6,1.0439,,34.0,60,16,71.6,R3|RE3,66835959 427165110
S01006_S01780,S01006,S01780,ok,3,1,6352.6,6353.7,5913.5,1.0742,,3.3,360,9,63.5,R3,66835959 66835970 164461754 164461755 373542082 373542085 373542087 373542088 427165110 427165111 984898913 1246293216 1246293217
S01009_S01013,S01009,S01013,ok,12,2,13886.2,13922.0,12955.9,1.0718,,1.7,600,1,83.3,RE4,60232407 60232408 60232875 92809551 92809553 92979275 92979283 226982748 226982749 226982753 226982754 227123378 227123379 227123386 227123387 227123389 227123392 227123394 227123396 227123398 227123414 227123415 227126011 227126013 227126038 227126040 227126066 227126085 227126088 759372740 759372742 807302723 807302724 984499867
S01013_S01003,S01013,S01003,ok,28,2,29377.8,29463.0,23412.1,1.2548,,1.1,1200,10,88.1,RE4,6237673 6238619 6238621 32947101 60232407 60232408 60232875 91651548 91651552 91756114 92354887 92354893 92354911 92354918 92354920 92809550 92809551 92809552 92809553 92979275 92979283 111289068 111289079 111429374 111429380 111429390 111429398 111429404 111429409 111429432 111559545 111559552 111559564 111559583 111773399 111773412 111874301 111874324 141641255 196551845 196551848 227123416 227123417 227126035 227126036 227126060 227126063 227126064 276264799 276264801 276264804 276264805 276268153 276268159 276269878 276269879 276269880 276269881 276269884 276269887 276278027 276278028 276278029 276278033 276278034 276278035 276278036 276278038 276279618 276279623 279496086 279499244 293880638 304012800 304017015 304017018 304017028 462887449 603757042 759372739 759372741 759372743 807302725 807302726 984499865 984499868 1340484096 1340484097 1345412929 1345412930 1345412932 1345412936 1345412937 1346167840
S01013_S01016,S01013,S01016,ok,9,2,8659.4,8736.5,8032.3,1.0781,,6.6,360,11,86.6,RE4,60232890 86334180 132523694 132523695 141641258 141641272 175317344 189091327 207061692 207061693 207085510 207085511 226864383 226867430 226867431 226867432 226867434 226867436 226972709 226972710 226972715 226972716 226982730 891861860 1230705312
S01014_S01006,S01014,S01006,ok,3,1,10992.3,10993.4,10420.2,1.0549,,5.7,660,6,60.0,RE3,66835959 66835970 164461754 164461755 373542082 373542083 373542084 373542085 373542086 373542087 373542088 427164042 427164083 427165110 427165111 428090730 428090733 984898911 984898913 1246293216 1246293217 1421044762
S01014_S01780,S01014,S01780,ok,8,1,4639.7,4886.4,4506.8,1.0295,,8.9,300,10,55.7,R3,373542083 373542084 373542085 373542086 373542088 427164042 427164083 428090730 428090733 984898911 1421044762
S01014_S01781,S01014,S01781,ok,8,1,2706.0,3219.5,2516.5,1.0753,61.5,0.0,180,9,54.1,R3,94472622 94472628 94596045 984898912
S01014_S01783,S01014,S01783,ok,8,1,9639.4,10152.9,7647.2,1.2605,64.0,0.0,660,8,52.6,R3|RE3,28422758 28422759 28422760 28422761 28422762 28632778 28632820 28662819 42348151 42348152 42348153 42348154 42348160 42348161 94472622 94472628 94596024 94596033 94596038 94596040 94596045 94596048 94596058 94614473 94614485 94614486 94614719 307130237 307130238 502170790 502170791 648592738 648592739 970692329 970692330 984898909 984898910 984898912 1246293212 1246293213 1246293214 1246293215
S01016_S01013,S01016,S01013,ok,9,2,8659.4,8736.5,8032.3,1.0781,,6.6,360,10,86.6,RE4,60232890 86334180 132523694 132523695 141641258 141641272 175317344 189091327 207061692 207061693 207085510 207085511 226864383 226867430 226867431 226867432 226867434 226867436 226972709 226972710 226972715 226972716 226982730 891861860 1230705312
S01016_S01020,S01016,S01020,ok,6,2,17330.2,17350.0,14498.2,1.1953,,0.2,660,11,94.5,RE4,6237311 116962115 116962116 223981361 223981365 223982219 223982220 223982221 223982448 226858063 226858065 226858066 226858067 226864364 226864384 230471058 230471059 272545644 272545647 515871960 759372736 940484874 940484876 984499870 984499873
S01020_S01016,S01020,S01016,ok,6,2,17330.2,17350.0,14498.2,1.1953,,0.2,660,10,94.5,RE4,6237311 116962115 116962116 223981361 223981365 223982219 223982220 223982221 223982448 226858063 226858065 226858066 226858067 226864364 226864384 230471058 230471059 272545644 272545647 515871960 759372736 940484874 940484876 984499870 984499873
S01020_S01025,S01020,S01025,ok,12,2,4022.8,4095.5,3994.9,1.007,,0.8,240,10,60.3,R23,6080068 27891600 223972414 223981360 320582050 515871957 515871958 717889056 951932407 951932408
S01020_S01026,S01020,S01026,ok,12,2,8569.0,8641.7,6273.5,1.3659,,1.6,360,13,85.7,RE4,26797289 27891600 178086958 178086976 178086983 178086985 223972414 223972415 223981360 320582050 450444875 515871957 717889056 759253379 951932406 951932409 984499875
S01021_S01785,S01021,S01785,ok,7,1,5621.7,6205.0,5399.6,1.0411,77.2,0.0,360,7,56.2,R3|RE3,63556924 63556942 838264365 984898907
S01021_S01786,S01021,S01786,ok,7,1,3150.7,3734.0,3001.6,1.0497,78.6,0.0,180,10,63.0,R3,63556924 63556942 838264365
S01021_S01787,S01021,S01787,ok,7,1,3004.3,3055.5,2662.7,1.1283,,5.3,180,18,60.1,R3|S31,28422757 28662842 63556920 63611016 125459970 125459971 187058990 427163767 984898904 984898905 984898906
S01021_S09999,S01021,S09999,ok,7,2,31775.4,31826.6,18733.9,1.6961,,4.7,1320,14,86.7,R3|RE3,28422757 28662842 58417144 58478896 58478897 62285858 63556920 63556939 63611016 75580133 75580143 75580159 75580173 89477290 94722236 94722253 94722255 94722273 94722276 94795604 94815433 94815434 94815435 94937239 94937241 94961319 107326177 125459970 125459971 177479692 177479694 179161421 179161424 187058990 281601154 281601156 281601157 281601160 288491271 288491273 292489961 292489963 292792370 292792372 349503805 349503808 349503812 349503822 351704545 351704550 389671800 389671806 397350530 397350533 427163767 555418127 555418128 712089279 789237289 803223255 803223256 838263828 838263829 900165601 927791017 927791018 927791033 927791048 970437774 970437775 981332939 984898904 984898905 984898906 1021438072 1021438074 1055343522 1055343523 1134017153 1252634294 1443309744 1443309745 1443310561
S01022_S01032,S01022,S01032,ok,6,2,1241.3,1322.4,1302.3,0.9532,80.0,0.0,180,87,24.8,R31|S19|S9,135091054 135091055 135091057 135091058 135091061 135091063 135091066 135091070 135091075 135091078 890869420 890869423 1078524152
S01022_S01632,S01022,S01632,ok,6,2,2294.9,2375.0,2277.9,1.0074,62.0,0.0,180,89,45.9,R31|S19|S9,46743070 46743086 46743087 46743121 333495234 333495236 333495293 333495294 1188280517 1191852338 1346896416
S01025_S01020,S01025,S01020,ok,12,2,4022.8,4095.5,3994.9,1.007,,0.8,360,10,40.2,R23,6080068 27891600 223972414 223981360 320582050 515871957 515871958 717889056 951932407 951932408
S01025_S01026,S01025,S01026,ok,2,2,4545.3,4556.2,3601.1,1.2622,,1.5,300,10,54.5,R23,26797289 178086958 178086976 178086985 450444875 759253379 951932406 984499875
S01026_S01020,S01026,S01020,ok,12,2,8569.0,8641.7,6273.5,1.3659,,1.6,480,13,64.3,RE4,26797289 27891600 178086958 178086976 178086983 178086985 223972414 223972415 223981360 320582050 450444875 515871957 717889056 759253379 951932406 951932409 984499875
S01026_S01025,S01026,S01025,ok,2,2,4545.3,4556.2,3601.1,1.2622,,1.5,300,10,54.5,R23,26797289 178086958 178086976 178086985 450444875 759253379 951932406 984499875
S01026_S01027,S01026,S01027,ok,18,2,5543.5,5899.2,5126.5,1.0813,,6.8,300,10,66.5,R23,127106534 127106535 178086959 178086964 178086977 197520518 984418349
S01026_S01030,S01026,S01030,ok,18,2,16955.9,17311.5,15114.6,1.1218,,2.7,900,13,67.8,RE4,23208140 53803036 53803037 53803038 110905979 110906130 127106534 127106535 142295160 142295162 178086959 178086964 178086977 178498771 178498773 197520518 197520524 197675571 223459444 223459445 223725992 223725995 444006164 444006166 984418349 984418350 984418353 984501767 1462944437 1471089160 1471089161
S01027_S01026,S01027,S01026,ok,18,2,5543.5,5899.2,5126.5,1.0813,,6.8,300,10,66.5,R23,127106534 127106535 178086959 178086964 178086977 197520518 984418349
S01027_S01028,S01027,S01028,ok,2,2,3939.5,3941.1,3759.0,1.048,125.7,0.0,240,10,59.1,R23,127106533 178498774 197520516 197520522 223725979 223725980 984418351
S01028_S01027,S01028,S01027,ok,2,2,3939.5,3941.1,3759.0,1.048,125.7,0.0,240,10,59.1,R23,127106533 178498774 197520516 197520522 223725979 223725980 984418351
S01028_S01029,S01028,S01029,ok,4,2,2672.6,2736.1,2724.0,0.9811,,10.2,180,10,53.5,R23,142295160 142295162 224545864 444006164 444006166
S01029_S01028,S01029,S01028,ok,4,2,2672.6,2736.1,2724.0,0.9811,,10.2,180,10,53.5,R23,142295160 142295162 224545864 444006164 444006166
S01029_S01030,S01029,S01030,ok,2,2,4738.0,4738.0,4556.7,1.0398,,1.6,300,10,56.9,R23,23208140 53803036 53803037 53803038 110905979 110906130 197675571 223459444 223459445 444006164 984418353 984501767 1462944437 1471089160 1471089161
S01030_S01026,S01030,S01026,ok,18,2,16955.9,17311.5,15114.6,1.1218,,2.7,720,13,84.8,RE4,23208140 53803036 53803037 53803038 110905979 110906130 127106534 127106535 142295160 142295162 178086959 178086964 178086977 178498771 178498773 197520518 197520524 197675571 223459444 223459445 223725992 223725995 444006164 444006166 984418349 984418350 984418353 984501767 1462944437 1471089160 1471089161
S01030_S01029,S01030,S01029,ok,2,2,4738.0,4738.0,4556.7,1.0398,,1.6,240,10,71.1,R23,23208140 53803036 53803037 53803038 110905979 110906130 197675571 223459444 223459445 444006164 984418353 984501767 1462944437 1471089160 1471089161
S01030_S01031,S01030,S01031,ok,13,2,6997.9,7011.1,7078.8,0.9886,,20.0,240,95,105.0,R23|RE4|RE5|S5|S50,197675570 223327605 223328451 223331870 223333353 226312418 241025383 248001119 248001120 377630873 396528073
S01030_S01033,S01030,S01033,ok,13,2,11586.7,11599.8,11413.2,1.0152,,7.5,420,2,99.3,R21|RE5,30109570 110283256 110283306 197675570 222927590 222930237 222930238 223327605 223327607 223333353 241025383 248001119 248001120 337817950 377630873 396528073 485718814 984418347 1096699929 1096699931 1201405276 1201405277
S01030_S01035,S01030,S01035,ok,13,2,17078.0,17091.2,16577.4,1.0302,,9.0,900,1,68.3,R21,30109570 54200327 54286272 54286274 54286300 110283256 110283306 116409270 197675570 222927590 222930237 222930238 223327605 223327607 223333353 241025383 249032069 337817950 377630873 396528073 442886409 442886411 485718814 499444155 499444158 504530070 504530071 984418344 984418347 984730391 1096699929 1096699931 1201405276 1201405277
S01030_S01039,S01030,S01039,ok,13,2,29764.9,29778.1,27265.5,1.0917,,6.0,1020,2,105.1,R21,30109570 54200318 54200327 54200331 54286272 54286274 54286300 64609770 77885405 77885407 89980841 110283256 110283306 116409270 141634939 197675570 214845585 222927590 222930237 222930238 223327605 223327607 223333353 224022937 224091276 224282691 241025383 249032069 268018709 268018713 268018722 268018726 337817950 377630873 395681950 396033191 396528073 442886409 442886411 485718814 499444155 499444158 504530070 504530071 526986824 542718691 542718695 984389141 984389142 984418344 984418347 984730391 1027190817 1055051334 1055051335 1055702182 1055702185 1056003349 1056886354 1056886355 1058940947 1096699929 1096699931 1178148875 1178148876 1201405276 1201405277 1370522313
S01030_S01145,S01030,S01145,ok,13,1,5275.7,5291.6,4915.8,1.0732,123.3,0.0,240,17,79.1,R21|S30,110906042 110906123 197675569 197675571 197675577 197675580 306167396 984501766 984501767 1471089159
S01030_S01146,S01030,S01146,ok,13,2,7056.5,7070.6,6078.0,1.161,,1.1,480,39,52.9,RE51,23208140 53803036 53803037 53803038 110905979 197675571 223459444 223459445 314878324 984418353 984501767 1118581119 1118581124 1410347000 1410347001 1462944437 1462944439 1462944440 1471089160 1471089161 1471089166
S01030_S01205,S01030,S01205,ok,13,2,18539.8,18556.3,17621.0,1.0521,,2.5,780,38,85.6,RE5|S50,87653997 87654007 223457646 223459446 223459448 223459449 223461352 223461353 223462562 223462563 223462568 223462569 223462571 223462572 223465862 223465864 223755546 223755547 223755551 223755552 223757268 223877165 223877176 223881109 223881111 236558006 236558007 248001118 601276507 625735728 625735733 686692815 686692817 686692818 686693878 686693879 686693882 686693884 686693886 686693887 686693890 686693891 686694119 686694122 686694123 686694126 840810166 840810167 841334440 841334442 984730389 984730392 984730394 984730396 984730398 984730400 984730401 1496321272 1496321273 1532604497 1532604499 1532604500
S01030_S01210,S01030,S01210,ok,13,2,4760.9,4777.5,4308.0,1.1051,102.7,0.0,300,37,57.1,S5,223457646 223459446 223459448 223459449 223461352 223461353 223462562 223462563 223462568 223462569 223462571 223462572 223465862 223465864 248001118 601276507 686694119 686694122 686694123 686694126 984730389
S01031_S01030,S01031,S01030,ok,13,2,6997.9,7011.1,7078.8,0.9886,,20.0,300,96,84.0,R23|RE4|RE5|S5|S50,197675570 223327605 223328451 223331870 223333353 226312418 241025383 248001119 248001120 377630873 396528073
S01031_S01033,S01031,S01033,ok,7,2,4507.9,5015.3,4364.6,1.0328,,7.6,180,54,90.2,RE5|S5,30109570 110283256 110283306 222927590 222930237 222930238 223327607 337817950 485718814 984418347 1201405276 1201405277
S01031_S01035,S01031,S01035,ok,7,2,9999.3,10506.7,9512.2,1.0512,,8.5,420,1,85.7,R23,30109570 54200327 54286272 54286274 54286300 110283256 110283306 116409270 222927590 222930237 222930238 223327607 249032069 337817950 442886409 442886411 485718814 499444155 499444158 504530070 504530071 984418344 984418347 1201405276 1201405277
S01031_S01039,S01031,S01039,ok,7,2,22686.2,23193.6,20304.4,1.1173,,4.8,1020,22,80.1,R23|RE4,30109570 54200318 54200327 54200331 54286272 54286274 54286300 64609770 77885405 77885407 89980841 110283256 110283306 116409270 141634939 214845585 222927590 222930237 222930238 223327607 224022937 224091276 224282691 249032069 268018709 268018713 268018722 268018726 337817950 395681950 396033191 442886409 442886411 485718814 499444155 499444158 504530070 504530071 526986824 542718691 542718695 984389141 984389142 984418344 984418347 1027190817 1055051334 1055051335 1055702182 1055702185 1056003349 1056886354 1056886355 1058940947 1178148875 1178148876 1201405276 1201405277 1370522313
S01031_S01137,S01031,S01137,ok,6,2,2403.9,2866.8,1508.4,1.5937,,16.1,300,18,28.8,S50,226312430 266378121 337817941 337817949 465017957 465017967 908558912 1096699933 1096699934 1349354113 1388381319
S01032_S01022,S01032,S01022,ok,6,2,1241.3,1322.4,1302.3,0.9532,80.0,0.0,180,89,24.8,R31|S19|S9,135091054 135091055 135091057 135091058 135091061 135091063 135091066 135091070 135091075 135091078 890869420 890869423 1078524152
S01032_S01630,S01032,S01630,ok,6,2,3118.9,3172.8,2912.1,1.071,,14.0,300,87,37.4,R31|S19|S9,4718913 46742949 46742950 46742951 46742952 46742953 46742954 46742955 46742956 46742965 178127289 178128720 1078524147 1078524153 1346896425
S01033_S01030,S01033,S01030,ok,13,2,11586.7,11599.8,11413.2,1.0152,,7.5,660,4,63.2,R21,30109570 110283256 110283306 197675570 222927590 222930237 222930238 223327605 223327607 223333353 241025383 248001119 248001120 337817950 377630873 396528073 485718814 984418347 1096699929 1096699931 1201405276 1201405277
S01033_S01031,S01033,S01031,ok,7,2,4507.9,5015.3,4364.6,1.0328,,7.6,240,55,67.6,RE5|S5,30109570 110283256 110283306 222927590 222930237 222930238 223327607 337817950 485718814 984418347 1201405276 1201405277
S01033_S01034,S01033,S01034,ok,4,2,3005.6,3057.4,2979.0,1.0089,151.4,0.0,180,37,60.1,R21|S5,54200313 249032050 442886408 442886410 504530072 984418345
S01033_S01035,S01033,S01035,ok,4,2,5438.5,5491.4,5358.4,1.015,155.1,0.0,300,1,65.3,RE5,54200313 54286275 54286301 249032050 442886408 442886410 499444156 499444159 504530069 504530072 984418345
S01033_S01039,S01033,S01039,ok,4,2,18125.2,18178.3,15950.6,1.1363,,0.2,600,18,108.8,RE5,54200313 54200318 54286275 54286301 64609770 77885405 77885407 89980841 141634939 214845585 224022937 224091276 224282691 249032050 268018709 268018713 268018722 268018726 395681950 396033191 442886408 442886410 499444156 499444159 504530069 504530072 526986824 542718691 542718695 984389141 984389142 984418345 1055051334 1055051335 1055702182 1055702185 1056003349 1056886354 1056886355 1058940947 1178148875 1178148876 1370522313
S01034_S01033,S01034,S01033,ok,4,2,3005.6,3057.4,2979.0,1.0089,151.4,0.0,180,36,60.1,S5,54200313 249032050 442886408 442886410 504530072 984418345
S01034_S01035,S01034,S01035,ok,4,2,2364.1,2434.2,2425.5,0.9747,160.0,0.0,120,36,70.9,S5,54286275 54286301 499444156 499444159 504530069
S01034_S01645,S01034,S01645,ok,4,2,23964.1,24034.3,22449.1,1.0675,,9.1,1500,1,57.5,R21,54200318 54286275 54286301 64609770 77885405 77885407 89980841 139243948 139243951 139244683 140604927 140679776 141634939 163088880 174466731 177045702 180677170 199570610 200501459 200501474 200501477 214845585 224022937 224091276 224282691 268018709 268018713 268018722 268018726 337798107 395681950 396033191 396528078 396528079 499444156 499444159 504530069 526986824 542718691 542718695 645405737 717895284 836162040 984085253 984389141 984389142 1053962464 1055051334 1055051335 1055702182 1055702185 1056003349 1056886354 1056886355 1058940947 1084316018 1137968760 1178148875 1178148876 1251771302 1251771306 1370522313
S01035_S01034,S01035,S01034,ok,4,2,2364.1,2434.2,2425.5,0.9747,160.0,0.0,120,36,70.9,S5,54286275 54286301 499444156 499444159 504530069
S01035_S01036,S01035,S01036,ok,7,2,4719.9,4877.6,4877.6,0.9677,160.0,0.0,240,37,70.8,RE5|S5,54200315 77885406 77885408 216816973 268018720 268018735 542718690
S01035_S01039,S01035,S01039,ok,7,2,12601.4,12686.9,11533.1,1.0926,,0.3,660,1,68.7,R21,54200318 64609770 77885405 77885407 89980841 141634939 214845585 224022937 224091276 224282691 268018709 268018713 268018722 268018726 395681950 396033191 526986824 542718691 542718695 984389141 984389142 1055051334 1055051335 1055702182 1055702185 1056003349 1056886354 1056886355 1058940947 1178148875 1178148876 1370522313
S01035_S01645,S01035,S01645,ok,7,2,21514.6,21600.1,20288.3,1.0604,,10.1,1560,1,49.6,R23,54200318 64609770 77885405 77885407 89980841 139243948 139243951 139244683 140604927 140679776 141634939 163088880 174466731 177045702 180677170 199570610 200501459 200501474 200501477 214845585 224022937 224091276 224282691 268018709 268018713 268018722 268018726 337798107 395681950 396033191 396528078 396528079 526986824 542718691 542718695 645405737 717895284 836162040 984085253 984389141 984389142 1053962464 1055051334 1055051335 1055702182 1055702185 1056003349 1056886354 1056886355 1058940947 1084316018 1137968760 1178148875 1178148876 1251771302 1251771306 1370522313
S01036_S01035,S01036,S01035,ok,7,2,4719.9,4877.6,4877.6,0.9677,160.0,0.0,240,36,70.8,S5,54200315 77885406 77885408 216816973 268018720 268018735 542718690
S01036_S01037,S01036,S01037,ok,3,2,4124.5,4197.3,3721.3,1.1084,141.9,0.0,240,36,61.9,S5,64609770 268018709 268018722 377886531 526986830 542718691 984418343 1055051346 1056886354 1056886355 1178148875 1178148876
S01036_S01039,S01036,S01039,ok,3,4,7809.1,7881.9,7181.9,1.0873,,0.4,420,1,66.9,RE5,64609770 89980841 141634939 214845585 224022937 224091276 224282691 268018709 268018722 395681950 396033191 526986824 542718691 984389141 984389142 1055051334 1055051335 1055702182 1055702185 1056003349 1056886354 1056886355 1058940947 1178148875 1178148876 1370522313
S01037_S01036,S01037,S01036,ok,3,2,4124.5,4197.3,3721.3,1.1084,141.9,0.0,180,36,82.5,S5,64609770 268018709 268018722 377886531 526986830 542718691 984418343 1055051346 1056886354 1056886355 1178148875 1178148876
S01037_S01039,S01037,S01039,ok,5,4,3683.3,3726.3,3462.1,1.0639,128.8,0.0,180,88,73.7,S11|S5|S6,89980841 141634941 214845585 396033191 984389141 984389142 1055051336 1055051337 1055702182 1055702185 1056003349
S01037_S01058,S01037,S01058,ok,5,2,3400.6,3401.0,3480.5,0.977,,1.6,180,36,68.0,S6,224022928 224091274 224091275 268026013 268026016 396528105 458365201 458365202 499851243 499851244 526986828 526986833 984389143 1056886322 1058940947
S01039_S01031,S01039,S01031,ok,7,2,22686.2,23193.6,20304.4,1.1173,,4.8,1020,23,80.1,R23|RE4,30109570 54200318 54200327 54200331 54286272 54286274 54286300 64609770 77885405 77885407 89980841 110283256 110283306 116409270 141634939 214845585 222927590 222930237 222930238 223327607 224022937 224091276 224282691 249032069 268018709 268018713 268018722 268018726 337817950 395681950 396033191 442886409 442886411 485718814 499444155 499444158 504530070 504530071 526986824 542718691 542718695 984389141 984389142 984418344 984418347 1027190817 1055051334 1055051335 1055702182 1055702185 1056003349 1056886354 1056886355 1058940947 1178148875 1178148876 1201405276 1201405277 1370522313
S01039_S01033,S01039,S01033,ok,4,2,18125.2,18178.3,15950.6,1.1363,,0.2,720,23,90.6,R21|RE5,54200313 54200318 54286275 54286301 64609770 77885405 77885407 89980841 141634939 214845585 224022937 224091276 224282691 249032050 268018709 268018713 268018722 268018726 395681950 396033191 442886408 442886410 499444156 499444159 504530069 504530072 526986824 542718691 542718695 984389141 984389142 984418345 1055051334 1055051335 1055702182 1055702185 1056003349 1056886354 1056886355 1058940947 1178148875 1178148876 1370522313
S01039_S01037,S01039,S01037,ok,5,4,3683.3,3726.3,3462.1,1.0639,128.8,0.0,180,86,73.7,S11|S5|S6,89980841 141634941 214845585 396033191 984389141 984389142 1055051336 1055051337 1055702182 1055702185 1056003349
S01039_S01640,S01039,S01640,ok,6,6,4036.0,4036.4,4022.5,1.0034,,33.8,180,88,80.7,S11|S5|S6,140604927 140607251 140679776 140680487 337798107 337798119 984085253 1055336442 1055336444 1055702187 1084316009 1084316010 1084316019
S01039_S01645,S01039,S01645,ok,6,6,8912.8,8913.2,8839.7,1.0083,,27.8,540,31,59.4,R21|R23|RE5,139243948 139243951 139244683 140604927 140607251 140679776 140680487 163088880 174466731 177045702 180677170 199570610 200501459 200501474 200501477 337798107 337798119 396528078 396528079 645405737 717895284 836162040 984085253 1053962464 1055336442 1055336444 1055702187 1084316009 1084316010 1084316019 1137968760 1251771302 1251771306
S01039_S01700,S01039,S01700,ok,6,4,12525.7,12526.0,9778.6,1.2809,,16.5,840,13,53.7,RE4,112550203 114751802 114752642 114795794 114825939 114866916 140604927 140607251 140679776 140680487 149429164 149429171 149429173 149429176 149429181 149429184 149429198 149429201 149429225 161843542 161843545 161843554 161843555 161843560 161843561 163826272 163826273 172892541 172893183 172893186 172893188 172893190 172893193 174314174 174314178 174314184 174617992 174617997 224531324 224531326 337798107 337798119 346578717 346578719 347718321 374036747 374036748 374036751 374036752 395633810 396528082 396528086 984085250 984085253 1053962464 1055336442 1055336444 1055702187 1084316009 1084316010 1084316016 1084316019 1150199445 1150199446 1251715103 1319633896 1411931925
S01040_S00252,S01040,S00252,ok,5,2,11850.4,11856.7,11865.3,0.9987,,3.0,420,36,101.6,S6,59164999 59165009 59457733 59459690 59459691 60500495 60500506 89980828 224098917 224100296 224101880 224101881 224105475 308563499 308563506 984389145 984389146 984389147 984389148
S01040_S01041,S01040,S01041,ok,6,2,3162.7,3336.7,3250.7,0.9729,,0.0,180,37,63.3,S6,224096707 1056886340 1056886341 1056886347
S01041_S01040,S01041,S01040,ok,6,2,3162.7,3336.7,3250.7,0.9729,,0.0,180,36,63.3,S6,224096707 1056886340 1056886341 1056886347
S01041_S01042,S01041,S01042,ok,3,2,2465.3,2467.4,2551.2,0.9663,,2.2,180,37,49.3,S6,224094157 226851918 1056886329 1056886332 1056886339
S01042_S01041,S01042,S01041,ok,3,2,2465.3,2467.4,2551.2,0.9663,,2.2,180,36,49.3,S6,224094157 226851918 1056886329 1056886332 1056886339
S01042_S01058,S01042,S01058,ok,10,2,4785.3,4938.8,4854.1,0.9858,180.0,0.0,240,37,71.8,S6,224093161 224093165 224093168 224093170 224095488 1056886323
S01058_S01037,S01058,S01037,ok,5,2,3400.6,3401.0,3480.5,0.977,,1.6,240,37,51.0,S6,224022928 224091274 224091275 268026013 268026016 396528105 458365201 458365202 499851243 499851244 526986828 526986833 984389143 1056886322 1058940947
S01058_S01042,S01058,S01042,ok,10,2,4785.3,4938.8,4854.1,0.9858,180.0,0.0,240,36,71.8,S6,224093161 224093165 224093168 224093170 224095488 1056886323
S01059_S01062,S01059,S01062,ok,10,1,3252.8,3342.5,3044.2,1.0685,,8.2,240,26,48.8,R31|S19,46257562 128823792 128823793 178126248 182396432 182396434 182396435 182396436
S01059_S01063,S01059,S01063,ok,10,2,5746.9,5836.5,5728.8,1.0032,140.0,0.0,300,66,69.0,S19|S9,178126198 186334322 1169249344 1169249349 1458774452 1458774454 1458774501 1458774502
S01059_S01630,S01059,S01630,ok,10,2,14263.9,14353.5,14069.5,1.0138,137.2,0.0,780,24,65.8,R31,178123267 178126198 182408553 186334322 984063336 1169249344 1169249349 1346025683 1458528769 1458528775 1458528776 1458528787 1458528788 1458528798 1458528799 1458774452 1458774454 1458774501 1458774502
S01060_S00034,S01060,S00034,ok,22,1,5257.1,5573.8,4886.1,1.0759,,11.7,360,24,52.6,R31,208632680 326915950 439940597 439992818 984063337 1255050231 1255050232 1413939400
S01060_S01061,S01060,S01061,ok,9,1,7362.3,7723.6,7341.0,1.0029,140.0,0.0,300,24,88.3,R31,37825530 37825531 273801022 273801023 273801024 273801025 326915950 376163853 376163854 1096137452 1242603218 1268245625 1302222047 1302222048 1434271163 1469182894 1534086164 1534086165
S01061_S01060,S01061,S01060,ok,9,1,7362.3,7723.6,7341.0,1.0029,140.0,0.0,300,24,88.3,R31,37825530 37825531 273801022 273801023 273801024 273801025 326915950 376163853 376163854 1096137452 1242603218 1268245625 1302222047 1302222048 1434271163 1469182894 1534086164 1534086165
S01061_S01062,S01061,S01062,ok,7,1,10595.6,10962.7,10481.8,1.0109,137.5,0.0,480,24,79.5,R31,4012043 33237606 37825629 37825630 182396430 360498074 360498076 377216456 1212795409 1212795410 1469182885 1469182892
S01062_S01059,S01062,S01059,ok,10,1,3252.8,3342.5,3044.2,1.0685,,8.2,240,26,48.8,R31|S19,46257562 128823792 128823793 178126248 182396432 182396434 182396435 182396436
S01062_S01061,S01062,S01061,ok,7,1,10595.6,10962.7,10481.8,1.0109,137.5,0.0,540,24,70.6,R31,4012043 33237606 37825629 37825630 182396430 360498074 360498076 377216456 1212795409 1212795410 1469182885 1469182892
S01063_S01059,S01063,S01059,ok,10,2,5746.9,5836.5,5728.8,1.0032,140.0,0.0,300,65,69.0,R31|S19|S9,178126198 186334322 1169249344 1169249349 1458774452 1458774454 1458774501 1458774502
S01063_S01065,S01063,S01065,ok,2,2,3072.4,3072.5,3057.1,1.005,140.0,0.0,240,66,46.1,S19|S9,178123267 182408553 1169249349 1458528769 1458528776
S01064_S01112,S01064,S01112,ok,2,2,1514.5,1514.6,1514.6,1.0,140.0,0.0,120,65,45.4,R31|S19|S9,1458528789 1458528790 1458528800
S01064_S01630,S01064,S01630,ok,2,2,1712.2,1712.2,1796.3,0.9532,119.4,0.0,240,66,25.7,S19|S9,984063336 1346025683 1458528798 1458528799
S01065_S01063,S01065,S01063,ok,2,2,3072.4,3072.5,3057.1,1.005,140.0,0.0,300,65,36.9,R31|S19|S9,178123267 182408553 1169249349 1458528769 1458528776
S01065_S01112,S01065,S01112,ok,2,2,2217.5,2217.9,2215.1,1.0011,140.0,0.0,180,66,44.4,S19|S9,1458528777 1458528778 1458528789
S01066_S01067,S01066,S01067,ok,10,4,1580.6,1625.6,1740.0,0.9084,50.1,0.0,180,242,31.6,R16|R17|R22|R27|RE1|RE54|RE7|S3|S4,139159496 139159501 139159731 139159734 139159793 139160785 907147571 907147591 1175879011 1175879016 1531447585 1531447589
S01067_S01066,S01067,S01066,ok,10,4,1580.6,1625.6,1740.0,0.9084,50.1,0.0,240,241,23.7,R16|R17|R22|R27|RE1|RE54|RE7|S3|S4,139159496 139159501 139159731 139159734 139159793 139160785 907147571 907147591 1175879011 1175879016 1531447585 1531447589
S01067_S01642,S01067,S01642,ok,11,4,2386.5,2542.3,2421.2,0.9857,,5.9,180,242,47.7,R16|R17|R22|R27|RE1|RE54|RE7|S3|S4,139099942 139099947 139130674 139130691 139131964 139137575 139137597 139137606 139137616 139137621 139137630 139158188 139244340 162456468 457732473 457732478 457732482 951200565 984915883 1064333552
S01069_S01070,S01069,S01070,ok,8,4,1775.9,1839.7,1860.1,0.9547,,9.0,120,68,53.3,S1|S3,4719993 139098167 139098477 139098479 931817646 951200573
S01069_S01642,S01069,S01642,ok,8,4,2069.2,2132.7,2131.1,0.9709,97.7,0.0,240,69,31.0,S1|S3,139099946 139246491 951200561 951200577 1042634336 1291762420
S01070_S01069,S01070,S01069,ok,8,4,1775.9,1839.7,1860.1,0.9547,,9.0,120,69,53.3,S1|S3,4719993 139098167 139098477 139098479 931817646 951200573
S01070_S01071,S01070,S01071,ok,9,4,1301.1,1553.2,1301.8,0.9994,140.0,0.0,120,68,39.0,S1|S3,931817637 931817644 941476749
S01071_S01070,S01071,S01070,ok,9,4,1301.1,1553.2,1301.8,0.9994,140.0,0.0,120,69,39.0,S1|S3,931817637 931817644 941476749
S01071_S01072,S01071,S01072,ok,4,4,1394.0,1394.3,1393.7,1.0002,140.0,0.0,120,68,41.8,S1|S3,941476749 951200583 951200587
S01071_S01074,S01071,S01074,ok,4,4,5261.5,5284.5,5336.9,0.9859,105.6,0.0,480,24,39.5,S13,172763880 197386936 197386962 265059675 941476750 951200582 951200586 1023978134 1023978139 1059608661 1059608668 1059608669 1065182866 1065182877 1065182878 1291762417
S01071_S01642,S01071,S01642,ok,4,4,5294.7,5295.3,5290.1,1.0009,119.8,0.0,600,24,31.8,S13,139098167 139099946 139246491 931817638 931817645 941476751 951200561 951200573 951200577 1042634336 1291762420
S01072_S01071,S01072,S01071,ok,4,4,1394.0,1394.3,1393.7,1.0002,140.0,0.0,120,69,41.8,S1|S3,941476749 951200583 951200587
S01072_S01073,S01072,S01073,ok,8,4,2539.0,2622.2,2620.7,0.9688,140.0,0.0,180,68,50.8,S1|S3,172763878 197386941 197386959 1023978136 1023978137 1065182863 1065182873 1065182874
S01073_S01072,S01073,S01072,ok,8,4,2539.0,2622.2,2620.7,0.9688,140.0,0.0,180,69,50.8,S1|S3,172763878 197386941 197386959 1023978136 1023978137 1065182863 1065182873 1065182874
S01073_S01074,S01073,S01074,ok,8,5,1232.3,1268.7,1322.8,0.9316,78.0,0.0,120,68,37.0,S1|S3,265059675 1059608664 1059608669 1291762417
S01074_S01071,S01074,S01071,ok,4,4,5261.5,5284.5,5336.9,0.9859,105.6,0.0,360,24,52.6,S13,172763880 197386936 197386962 265059675 941476750 951200582 951200586 1023978134 1023978139 1059608661 1059608668 1059608669 1065182866 1065182877 1065182878 1291762417
S01074_S01073,S01074,S01073,ok,8,5,1232.3,1268.7,1322.8,0.9316,78.0,0.0,60,69,73.9,S1|S3,265059675 1059608664 1059608669 1291762417
S01074_S01075,S01074,S01075,ok,5,4,1586.4,1892.9,1585.4,1.0006,116.1,0.0,60,68,95.2,S1|S3,951200597 951200603 951200604 951200606 1059882129
S01075_S01074,S01075,S01074,ok,5,4,1586.4,1892.9,1585.4,1.0006,116.1,0.0,120,69,47.6,S1|S3,951200597 951200603 951200604 951200606 1059882129
S01075_S01076,S01075,S01076,ok,4,4,1054.9,1057.1,1057.4,0.9976,120.0,0.0,120,68,31.6,S1|S3,951200605 951200609 951200614
S01076_S01075,S01076,S01075,ok,4,4,1054.9,1057.1,1057.4,0.9976,120.0,0.0,60,69,63.3,S1|S3,951200605 951200609 951200614
S01076_S01077,S01076,S01077,ok,4,4,1843.7,1843.9,1844.4,0.9996,120.0,0.0,120,68,55.3,S1|S3,240295281 951200614 951200625
S01077_S01076,S01077,S01076,ok,4,4,1843.7,1843.9,1844.4,0.9996,120.0,0.0,120,69,55.3,S1|S3,240295281 951200614 951200625
S01077_S01933,S01077,S01933,ok,12,2,1835.1,1869.0,1843.9,0.9952,60.0,0.0,180,101,36.7,S1|S3|S9,323853187 323854170 323862968 323862970 323862974 323863195 323863196 372119873 583524338 583524339 900175101 951200623 1062111971
S01077_S01934,S01077,S01934,ok,4,2,3179.9,3214.3,3033.9,1.0481,,1.5,180,33,63.6,S9,233505422 323862333 323862555 323862559 323862971 323862978 323865090 323865092 323866558 978823723 984949943 984949946 1471089185 1471089187
S01078_S01079,S01078,S01079,ok,9,3,1527.4,1588.9,1536.2,0.9943,90.0,0.0,120,68,45.8,S2|S4,139100264 309385548 333546453 1032576918
S01078_S01086,S01078,S01086,ok,10,2,12815.3,13260.6,12410.2,1.0326,89.3,0.0,660,27,69.9,R16,7980055 139100263 140744613 172635447 172780810 172780811 172780813 196017779 309385548 333546453 373184440 373184442 373184446 373184455 422411473 466974787 555124936 555124937 891953446 911652198 970091145 970091146 1002639580 1021118347 1021118349 1024906039 1024906040 1289669519 1289669521 1291762413
S01078_S01642,S01078,S01642,ok,10,3,2139.1,2201.8,2088.5,1.0242,60.0,0.0,180,94,42.8,R16|S2|S4,139089334 139245152 939818128 951200545 1096397921
S01079_S01078,S01079,S01078,ok,9,3,1527.4,1588.9,1536.2,0.9943,90.0,0.0,120,67,45.8,R16|S2|S4,139100264 309385548 333546453 1032576918
S01079_S01109,S01079,S01109,ok,6,3,1263.9,1333.2,1334.2,0.9473,70.3,0.0,60,68,75.8,S2|S4,139128459 341067201 1291762410
S01082_S01083,S01082,S01083,ok,3,2,1823.4,1824.7,1818.5,1.0027,80.4,0.0,120,68,54.7,S2|S4,172635447 196017784 373184446 466974783 911652198 1021118349 1024906033 1024906034
S01082_S01109,S01082,S01109,ok,3,2,2377.5,2837.3,2361.5,1.0068,88.9,0.0,120,67,71.3,R16|S2|S4,373184440 373184442 373184446 373184455 555124936 555124937 891953446
S01083_S01082,S01083,S01082,ok,3,2,1823.4,1824.7,1818.5,1.0027,80.4,0.0,120,67,54.7,R16|S2|S4,172635447 196017784 373184446 466974783 911652198 1021118349 1024906033 1024906034
S01083_S01084,S01083,S01084,ok,7,2,1574.5,1648.2,1644.1,0.9577,,15.8,120,53,47.2,S2|S4,7980055 422411476
S01084_S01083,S01084,S01083,ok,7,2,1574.5,1648.2,1644.1,0.9577,,15.8,120,52,47.2,R16|S2|S4,7980055 422411476
S01084_S01085,S01084,S01085,ok,2,2,2056.0,2056.9,2049.6,1.0031,90.0,0.0,120,53,61.7,S2|S4,172780810 172780813 422411473 970091145 970091146
S01085_S01084,S01085,S01084,ok,2,2,2056.0,2056.9,2049.6,1.0031,90.0,0.0,120,52,61.7,R16|S2|S4,172780810 172780813 422411473 970091145 970091146
S01085_S01086,S01085,S01086,ok,4,2,1952.1,2034.3,2074.7,0.9409,90.0,0.0,120,53,58.6,S2|S4,172780814
S01086_S01078,S01086,S01078,ok,10,2,12815.3,13260.6,12410.2,1.0326,89.3,0.0,660,27,69.9,R16,7980055 139100263 140744613 172635447 172780810 172780811 172780813 196017779 309385548 333546453 373184440 373184442 373184446 373184455 422411473 466974787 555124936 555124937 891953446 911652198 970091145 970091146 1002639580 1021118347 1021118349 1024906039 1024906040 1289669519 1289669521 1291762413
S01086_S01085,S01086,S01085,ok,4,2,1952.1,2034.3,2074.7,0.9409,90.0,0.0,120,52,58.6,R16|S2|S4,172780814
S01086_S01925,S01086,S01925,ok,4,2,1974.3,2013.5,1970.8,1.0018,90.0,0.0,120,80,59.2,R16|S2|S4,196092681 196092686 196092698 372066990 372105521 1124982872
S01086_S01929,S01086,S01929,ok,1,1,1871.5,1871.5,1839.0,1.0177,100.0,0.0,60,33,112.3,S9,143022682 143022683 259602639 259602640 259602644 259602652 259603289 259603290 984949948 1126022016 1471089168 1471089169
S01086_S01934,S01086,S01934,ok,1,2,4698.3,4698.3,4872.9,0.9642,,1.3,480,33,35.2,S9,143022683 189999105 323858897 323859784 323860158 323860161 323860163 323865976 323867463 323867881 323867883 438438426 1425996874 1471089157 1471089172 1471089174 1471089175
S01087_S01088,S01087,S01088,ok,7,1,1687.6,1837.6,1670.5,1.0102,,15.1,180,26,33.8,R16,73021670 984958013 1021118342 1021118343 1155263214
S01087_S01089,S01087,S01089,ok,7,1,3876.3,4026.3,3878.3,0.9995,,13.9,360,1,38.8,R16,73021670 429913210 984958012 984958013 1021118342 1021118343 1155263214
S01087_S01925,S01087,S01925,ok,7,1,2110.1,2186.6,2143.1,0.9846,65.0,0.0,180,31,42.2,R16|S2,32560583 196092685 943868031 1091868429 1095569262 1155263211 1155263216
S01088_S01087,S01088,S01087,ok,7,1,1687.6,1837.6,1670.5,1.0102,,15.1,180,28,33.8,R16,73021670 984958013 1021118342 1021118343 1155263214
S01088_S01089,S01088,S01089,ok,1,1,2188.7,2188.7,2207.9,0.9913,,13.1,180,26,43.8,R16,73021670 429913210 984958012
S01089_S01088,S01089,S01088,ok,1,1,2188.7,2188.7,2207.9,0.9913,,13.1,180,28,43.8,R16,73021670 429913210 984958012
S01089_S01091,S01089,S01091,ok,2,1,1921.1,1921.4,1919.9,1.0006,80.6,0.0,120,24,57.6,R16,836141566 943868032 984958011
S01089_S01092,S01089,S01092,ok,3,1,3607.2,4199.2,3543.0,1.0181,82.6,0.0,300,2,43.3,R16,96694796 96694800 836141566 943868032 984958011
S01091_S01089,S01091,S01089,ok,2,1,1921.1,1921.4,1919.9,1.0006,80.6,0.0,180,27,38.4,R16,836141566 943868032 984958011
S01091_S01092,S01091,S01092,ok,1,1,1686.1,1686.1,1644.9,1.025,85.0,0.0,180,24,33.7,R16,96694796 96694800 836141566
S01092_S01091,S01092,S01091,ok,1,1,1686.1,1686.1,1644.9,1.025,85.0,0.0,180,27,33.7,R16,96694796 96694800 836141566
S01092_S01093,S01092,S01093,ok,3,1,2955.1,3035.6,2691.6,1.0979,72.4,0.0,240,26,44.3,R16,984958009 1032576911 1032576912 1032576915 1032576916
S01093_S01092,S01093,S01092,ok,3,1,2955.1,3035.6,2691.6,1.0979,72.4,0.0,240,27,44.3,R16,984958009 1032576911 1032576912 1032576915 1032576916
S01093_S01094,S01093,S01094,ok,2,1,2878.7,2879.3,2590.2,1.1114,70.0,0.0,180,24,57.6,R16,807608432 1032576915
S01093_S01454,S01093,S01454,ok,2,1,5256.6,5257.2,4677.1,1.1239,,2.7,360,2,52.6,R16,192093197 439014962 439014963 439014965 640911951 640911952 807608432 984958008 1032576915 1282500612
S01094_S01093,S01094,S01093,ok,2,1,2878.7,2879.3,2590.2,1.1114,70.0,0.0,180,27,57.6,R16,807608432 1032576915
S01094_S01454,S01094,S01454,ok,1,1,2377.9,2377.9,2125.7,1.1187,,6.0,180,24,47.6,R16,192093197 439014962 439014963 439014965 640911951 640911952 807608432 984958008 1282500612
S01096_S01097,S01096,S01097,ok,5,1,1784.8,1853.3,1821.0,0.9801,,0.0,240,18,26.8,R16,32500548 32500549 1032576913 1462083650 1531447595
S01096_S01454,S01096,S01454,ok,7,1,3997.7,4066.0,3788.0,1.0553,69.1,0.0,300,27,48.0,R16,32500566 439014966 542094279 542094282 552885982 984958005 1032576914 1531447592
S01097_S01096,S01097,S01096,ok,5,1,1784.8,1853.3,1821.0,0.9801,,0.0,120,19,53.5,R16,32500548 32500549 1032576913 1462083650 1531447595
S01097_S01098,S01097,S01098,ok,1,1,946.3,946.3,842.9,1.1226,70.0,0.0,60,15,56.8,R16,32500526 32500548 104030375 446637031 446637032
S01097_S01099,S01097,S01099,ok,1,1,4507.6,4507.6,4108.6,1.0971,70.0,0.0,420,3,38.6,R16,32500526 32500548 104030375 194378103 194378104 194378105 194378106 360947799 360947800 360950492 360950493 446637031 446637032
S01098_S01097,S01098,S01097,ok,1,1,946.3,946.3,842.9,1.1226,70.0,0.0,60,18,56.8,R16,32500526 32500548 104030375 446637031 446637032
S01098_S01099,S01098,S01099,ok,1,1,3561.2,3561.2,3325.6,1.0708,70.0,0.0,240,15,53.4,R16,194378103 194378104 194378105 194378106 360947799 360947800 360950492 360950493 446637031
S01099_S01097,S01099,S01097,ok,1,1,4507.6,4507.6,4108.6,1.0971,70.0,0.0,360,1,45.1,R16,32500526 32500548 104030375 194378103 194378104 194378105 194378106 360947799 360947800 360950492 360950493 446637031 446637032
S01099_S01098,S01099,S01098,ok,1,1,3561.2,3561.2,3325.6,1.0708,70.0,0.0,240,18,53.4,R16,194378103 194378104 194378105 194378106 360947799 360947800 360950492 360950493 446637031
S01099_S01101,S01099,S01101,ok,1,1,645.7,645.7,659.2,0.9795,42.1,0.0,180,18,12.9,R16,140377405 194378103 194378107 374843119 552885990 984958004 1032576917
S01101_S01099,S01101,S01099,ok,1,1,645.7,645.7,659.2,0.9795,42.1,0.0,120,19,19.4,R16,140377405 194378103 194378107 374843119 552885990 984958004 1032576917
S01104_S01801,S01104,S01801,ok,2,2,2663.6,2663.6,2663.6,1.0,160.0,0.0,180,37,53.3,S13,329500744 329503328 329503329 480931500 1040528955 1040528957 1041414221
S01104_S01802,S01104,S01802,ok,2,2,2379.8,2380.0,2373.7,1.0026,154.6,0.0,120,37,71.4,S13,480931497 984026997 1040528955
S01109_S01079,S01109,S01079,ok,6,3,1263.9,1333.2,1334.2,0.9473,70.3,0.0,120,67,37.9,R16|S2|S4,139128459 341067201 1291762410
S01109_S01082,S01109,S01082,ok,3,2,2377.5,2837.3,2361.5,1.0068,88.9,0.0,120,68,71.3,S2|S4,373184440 373184442 373184446 373184455 555124936 555124937 891953446
S01110_S01111,S01110,S01111,ok,2,1,9470.1,9472.3,8374.2,1.1309,95.0,0.0,480,4,71.0,S30,27546713 41848499 87901090 87901091 87901092 87901094 87901095 87902998 87903000 87905459 87905460 87922570 87922576 87922582 87922590 87922602 87922607 87922614 87922621 125095114 125095115 125095116 181513571 181513572 181513573 181513574 181513575 181513576 181513578 181513579 181513580 181513581 181513585 181513586 181513587 401482674 401482675 437947249 437947254 1096665398 1096665399
S01110_S05408,S01110,S05408,ok,2,1,3990.9,3991.2,3666.3,1.0885,83.4,0.0,240,4,59.9,S30,41848498 41848499 87922563 87922604 87922618 87922619 238494222 238494224 238494225 281260483 281260485 359440740 359440741 656481228 656481229 744962063 993344195 993344196 1056598577 1056598578 1278648030 1278648031 1278648032 1278648033
S01111_S01110,S01111,S01110,ok,2,1,9470.1,9472.3,8374.2,1.1309,95.0,0.0,480,4,71.0,S30,27546713 41848499 87901090 87901091 87901092 87901094 87901095 87902998 87903000 87905459 87905460 87922570 87922576 87922582 87922590 87922602 87922607 87922614 87922621 125095114 125095115 125095116 181513571 181513572 181513573 181513574 181513575 181513576 181513578 181513579 181513580 181513581 181513585 181513586 181513587 401482674 401482675 437947249 437947254 1096665398 1096665399
S01111_S01113,S01111,S01113,ok,3,1,3457.5,3495.5,3238.1,1.0678,77.1,0.0,300,4,41.5,S30,35397478 87900417 87900418 87900419 87900420 87900421 87900423 368142240 368142241 744981227 744981233 745254776 1131705001 1131705002
S01112_S01064,S01112,S01064,ok,2,2,1514.5,1514.6,1514.6,1.0,140.0,0.0,120,66,45.4,S19|S9,1458528789 1458528790 1458528800
S01112_S01065,S01112,S01065,ok,2,2,2217.5,2217.9,2215.1,1.0011,140.0,0.0,180,65,44.4,R31|S19|S9,1458528777 1458528778 1458528789
S01113_S01111,S01113,S01111,ok,3,1,3457.5,3495.5,3238.1,1.0678,77.1,0.0,240,4,51.9,S30,35397478 87900417 87900418 87900419 87900420 87900421 87900423 368142240 368142241 744981227 744981233 745254776 1131705001 1131705002
S01113_S01116,S01113,S01116,ok,16,1,6793.4,6879.7,6501.6,1.0449,,4.8,300,11,81.5,R21|S30,26546806 27546712 32964322 32964323 32964325 46250597 165717929 201740469 265062598 265062599 265062600 289218893 289218894 289219314 289219315 744981229 1088384560 1131705005 1131705006 1131705007 1131705008 1131705009 1131705010 1206940573 1206940574 1213283272 1213283273
S01113_S01118,S01113,S01118,ok,16,1,14454.8,14541.2,13587.7,1.0638,,5.4,840,5,61.9,S30,26546806 27546712 32964318 32964319 32964320 32964322 32964323 32964325 44674120 44674121 46250597 76791784 87897705 165717929 191695221 201740469 265062598 265062599 265062600 265444232 265444235 273792844 273792850 289218893 289218894 289219314 289219315 450447539 450449837 648472240 648472244 734486807 734486808 744981229 975338829 1088384560 1096666290 1131705005 1131705006 1131705007 1131705008 1131705009 1131705010 1206940573 1206940574 1213283272 1213283273 1213303614 1213303615 1213303618 1213303619 1436720468 1436720469
S01116_S01113,S01116,S01113,ok,16,1,6793.4,6879.7,6501.6,1.0449,,4.8,300,14,81.5,R21|S30,26546806 27546712 32964322 32964323 32964325 46250597 165717929 201740469 265062598 265062599 265062600 289218893 289218894 289219314 289219315 744981229 1088384560 1131705005 1131705006 1131705007 1131705008 1131705009 1131705010 1206940573 1206940574 1213283272 1213283273
S01116_S01117,S01116,S01117,ok,3,1,1767.9,1770.0,1645.5,1.0744,,22.1,120,9,53.0,R21|S30,32964320 87897705 265062598 265444235 273792844 273792850 450447539 648472244
S01116_S01118,S01116,S01118,ok,3,1,7661.4,7663.5,7231.6,1.0594,,6.0,420,2,65.7,R21,32964318 32964319 32964320 44674120 44674121 76791784 87897705 191695221 265062598 265444232 265444235 273792844 273792850 450447539 450449837 648472240 648472244 734486807 734486808 975338829 1096666290 1213303614 1213303615 1213303618 1213303619 1436720468 1436720469
S01117_S01116,S01117,S01116,ok,3,1,1767.9,1770.0,1645.5,1.0744,,22.1,180,14,35.4,R21|S30,32964320 87897705 265062598 265444235 273792844 273792850 450447539 648472244
S01117_S01118,S01117,S01118,ok,1,1,5893.5,5893.5,5586.8,1.0549,,1.2,300,9,70.7,R21|S30,32964318 32964319 44674120 44674121 76791784 191695221 265444232 450449837 648472240 648472244 734486807 734486808 975338829 1096666290 1213303614 1213303615 1213303618 1213303619 1436720468 1436720469
S01118_S01113,S01118,S01113,ok,16,1,14454.8,14541.2,13587.7,1.0638,,5.4,840,3,61.9,S30,26546806 27546712 32964318 32964319 32964320 32964322 32964323 32964325 44674120 44674121 46250597 76791784 87897705 165717929 191695221 201740469 265062598 265062599 265062600 265444232 265444235 273792844 273792850 289218893 289218894 289219314 289219315 450447539 450449837 648472240 648472244 734486807 734486808 744981229 975338829 1088384560 1096666290 1131705005 1131705006 1131705007 1131705008 1131705009 1131705010 1206940573 1206940574 1213283272 1213283273 1213303614 1213303615 1213303618 1213303619 1436720468 1436720469
S01118_S01117,S01118,S01117,ok,1,1,5893.5,5893.5,5586.8,1.0549,,1.2,240,14,88.4,R21|S30,32964318 32964319 44674120 44674121 76791784 191695221 265444232 450449837 648472240 648472244 734486807 734486808 975338829 1096666290 1213303614 1213303615 1213303618 1213303619 1436720468 1436720469
S01118_S01140,S01118,S01140,ok,11,2,3260.7,3336.4,3238.4,1.0069,,1.6,180,14,65.2,R21|S30,32964316 32964317 76791785 191695220 758692406 889488708
S01118_S01141,S01118,S01141,ok,11,1,7632.1,7707.8,7413.8,1.0294,,0.7,420,2,65.4,R21,32964316 32964317 32964327 32964329 76791785 119664505 119664507 120876549 120876558 191695220 205043241 205043243 306167374 306167378 306167382 306167402 450449845 488745924 488745925 708716313 708716314 758692406 889488708
S01135_S01136,S01135,S01136,ok,6,2,5458.3,5674.8,5569.9,0.98,120.0,0.0,240,42,81.9,R27|RE51,228098501 228098502 228098505 240291783 906605862 1246327410
S01135_S01933,S01135,S01933,ok,4,2,6540.5,6623.9,6547.5,0.9989,,0.9,300,41,78.5,R27|RE51,228093194 323854939 372123744 906605860 906605863 984935183 1467088633 1467088638 1467088639 1467088642
S01136_S01135,S01136,S01135,ok,6,2,5458.3,5674.8,5569.9,0.98,120.0,0.0,240,41,81.9,R27|RE51,228098501 228098502 228098505 240291783 906605862 1246327410
S01136_S01137,S01136,S01137,ok,5,2,1879.9,2069.6,2056.8,0.914,120.0,0.0,120,42,56.4,R27|RE51,170512433 170512452 240291405 320572416 320572418 465017970 465017971 1096699930
S01137_S01031,S01137,S01031,ok,6,2,2403.9,2866.8,1508.4,1.5937,,16.1,300,18,28.8,S50,226312430 266378121 337817941 337817949 465017957 465017967 908558912 1096699933 1096699934 1349354113 1388381319
S01137_S01136,S01137,S01136,ok,5,2,1879.9,2069.6,2056.8,0.914,120.0,0.0,120,41,56.4,R27|RE51,170512433 170512452 240291405 320572416 320572418 465017970 465017971 1096699930
S01137_S01138,S01137,S01138,ok,12,2,7819.2,7989.2,7483.2,1.0449,152.1,0.0,300,41,93.8,RE51|S50,78253173 78253174 151407317 266378099 266378101 418082711 418082718 434874809 434874813 465017949 465023089 465124801 758692404 909165544 909165547 984935185 984935188
S01137_S01139,S01137,S01139,ok,12,2,12732.9,12902.9,11143.0,1.1427,151.5,0.0,540,54,84.9,RE51|RE54,78253173 78253174 78253177 78253200 78253206 78343805 151407317 174621124 193593734 219978983 219978984 219978986 219978987 219978991 262877472 266378099 266378101 342932632 342933203 418082711 418082718 434874809 434874813 465017949 465023089 465124801 758692404 909165544 909165547 909165563 984935185 984935187 984935188
S01137_S01753,S01137,S01753,ok,12,2,5817.1,5989.3,5874.9,0.9902,104.9,0.0,300,19,69.8,R27,233763499 465017942 465017944 465024212
S01137_S01933,S01137,S01933,ok,12,2,14284.7,14458.2,14111.3,1.0123,129.0,0.0,660,55,77.9,RE51|RE54,170512433 170512452 228098501 228098502 228098505 240291405 240291783 320572416 320572418 323854939 372123744 465017970 465017971 906605862 906605863 908558928 984935183 1096699930 1246327410 1467088632 1467088633 1467088638 1467088639 1467088642
S01138_S01137,S01138,S01137,ok,12,2,7819.2,7989.2,7483.2,1.0449,152.1,0.0,240,41,117.3,RE51|S50,78253173 78253174 151407317 266378099 266378101 418082711 418082718 434874809 434874813 465017949 465023089 465124801 758692404 909165544 909165547 984935185 984935188
S01138_S01139,S01138,S01139,ok,4,2,4868.3,4918.6,4000.7,1.2169,150.6,0.0,180,41,97.4,RE51|S50,78253177 78253200 78253206 78343805 174621124 193593734 219978983 219978984 219978986 219978987 219978991 262877472 342932632 342933203 909165563 984935187
S01139_S01137,S01139,S01137,ok,12,2,12732.9,12902.9,11143.0,1.1427,151.5,0.0,420,55,109.1,RE51|RE54,78253173 78253174 78253177 78253200 78253206 78343805 151407317 174621124 193593734 219978983 219978984 219978986 219978987 219978991 262877472 266378099 266378101 342932632 342933203 418082711 418082718 434874809 434874813 465017949 465023089 465124801 758692404 909165544 909165547 909165563 984935185 984935187 984935188
S01139_S01138,S01139,S01138,ok,4,2,4868.3,4918.6,4000.7,1.2169,150.6,0.0,240,41,73.0,RE51|S50,78253177 78253200 78253206 78343805 174621124 193593734 219978983 219978984 219978986 219978987 219978991 262877472 342932632 342933203 909165563 984935187
S01139_S01146,S01139,S01146,ok,4,2,3515.6,3516.5,2656.0,1.3237,,12.6,300,95,42.2,RE51|RE54|S50,342932438 342933203 342933207 342955321 342959786 342977835 342977837 342977841 342977847 342977850 342979940 464717744 464717751 464721405 464721406 464721408 909165552 909165559 1471089165
S01140_S01118,S01140,S01118,ok,11,2,3260.7,3336.4,3238.4,1.0069,,1.6,180,17,65.2,R21|S30,32964316 32964317 76791785 191695220 758692406 889488708
S01140_S01141,S01140,S01141,ok,1,1,4371.4,4371.4,4363.4,1.0018,130.0,0.0,240,14,65.6,R21|S30,32964327 32964329 119664505 119664507 120876549 120876558 191695220 205043241 205043243 306167374 306167378 306167382 306167402 450449845 488745924 488745925 708716313 708716314
S01141_S01140,S01141,S01140,ok,1,1,4371.4,4371.4,4363.4,1.0018,130.0,0.0,240,17,65.6,R21|S30,32964327 32964329 119664505 119664507 120876549 120876558 191695220 205043241 205043243 306167374 306167378 306167382 306167402 450449845 488745924 488745925 708716313 708716314
S01141_S01142,S01141,S01142,ok,2,1,4490.0,4490.9,4449.9,1.009,130.0,0.0,240,14,67.3,R21|S30,44296054 44296055 119664507 306167376 306167397 306167409 450449850 768725859
S01141_S01143,S01141,S01143,ok,2,1,7637.8,7638.8,7327.8,1.0423,130.0,0.0,300,2,91.7,R21,44296054 44296055 119664507 306167376 306167397 306167409 450449850 549169967 768725859 1422441941
S01142_S01141,S01142,S01141,ok,2,1,4490.0,4490.9,4449.9,1.009,130.0,0.0,180,17,89.8,R21|S30,44296054 44296055 119664507 306167376 306167397 306167409 450449850 768725859
S01142_S01143,S01142,S01143,ok,1,1,3147.8,3147.8,3106.8,1.0132,130.0,0.0,180,14,63.0,R21|S30,306167409 549169967 1422441941
S01143_S01030,S01143,S01030,ok,3,1,16086.1,16086.5,15561.4,1.0337,127.7,0.0,600,1,96.5,R21,32964330 32964331 110905995 110906031 110906042 110906123 141609283 141609284 194742177 194742179 197675569 197675571 197675577 197675580 204868589 204868590 204868592 306167375 306167379 306167380 306167381 306167383 306167385 306167386 306167396 306167398 306167403 306167404 306167405 549169967 549169968 984501766 984501767 1096669371 1096669372 1471089159
S01143_S01142,S01143,S01142,ok,1,1,3147.8,3147.8,3106.8,1.0132,130.0,0.0,180,17,63.0,R21|S30,306167409 549169967 1422441941
S01143_S01144,S01143,S01144,ok,3,1,6453.0,6453.4,6346.5,1.0168,130.0,0.0,300,15,77.4,R21|S30,32964330 32964331 110906031 141609283 141609284 194742177 194742179 204868589 204868590 204868592 306167375 306167379 306167380 306167383 306167386 306167398 306167404 306167405 549169967 549169968 1096669371 1096669372
S01144_S01030,S01144,S01030,ok,2,1,9633.1,9633.4,9253.0,1.0411,126.2,0.0,660,1,52.5,R21,110905995 110906042 110906123 197675569 197675571 197675577 197675580 306167381 306167385 306167396 306167403 984501766 984501767 1096669371 1471089159
S01144_S01143,S01144,S01143,ok,3,1,6453.0,6453.4,6346.5,1.0168,130.0,0.0,300,17,77.4,R21|S30,32964330 32964331 110906031 141609283 141609284 194742177 194742179 204868589 204868590 204868592 306167375 306167379 306167380 306167383 306167386 306167398 306167404 306167405 549169967 549169968 1096669371 1096669372
S01144_S01145,S01144,S01145,ok,2,1,4357.4,4357.7,4355.3,1.0005,130.0,0.0,180,14,87.1,R21|S30,110905995 306167381 306167385 306167396 306167403 1096669371
S01145_S01030,S01145,S01030,ok,13,1,5275.7,5291.6,4915.8,1.0732,123.3,0.0,240,14,79.1,R21|S30,110906042 110906123 197675569 197675571 197675577 197675580 306167396 984501766 984501767 1471089159
S01145_S01144,S01145,S01144,ok,2,1,4357.4,4357.7,4355.3,1.0005,130.0,0.0,240,17,65.4,R21|S30,110905995 306167381 306167385 306167396 306167403 1096669371
S01146_S01030,S01146,S01030,ok,13,2,7056.5,7070.6,6078.0,1.161,,1.1,480,38,52.9,RE51,23208140 53803036 53803037 53803038 110905979 197675571 223459444 223459445 314878324 984418353 984501767 1118581119 1118581124 1410347000 1410347001 1462944437 1462944439 1462944440 1471089160 1471089161 1471089166
S01146_S01139,S01146,S01139,ok,4,2,3515.6,3516.5,2656.0,1.3237,,12.6,240,96,52.7,RE51|RE54|S50,342932438 342933203 342933207 342955321 342959786 342977835 342977837 342977841 342977847 342977850 342979940 464717744 464717751 464721405 464721406 464721408 909165552 909165559 1471089165
S01200_S01202,S01200,S01202,ok,3,1,4482.3,4490.4,3803.4,1.1785,,3.7,300,17,53.8,RE5,295690758 295690759 420872202 420872207 449058961 534654572 539196497 984730406 1033614936
S01202_S01200,S01202,S01200,ok,3,1,4482.3,4490.4,3803.4,1.1785,,3.7,420,17,38.4,RE5,295690758 295690759 420872202 420872207 449058961 534654572 539196497 984730406 1033614936
S01202_S01203,S01202,S01203,ok,1,1,3564.8,3564.8,2359.7,1.5107,85.1,0.0,240,17,53.5,RE5,539196210 539196211 539196497 539196499 539200830 539232240 539234976 539234986 574728675 789281513 1051221627 1051221630 1051221631 1051221632
S01203_S01202,S01203,S01202,ok,1,1,3564.8,3564.8,2359.7,1.5107,85.1,0.0,180,17,71.3,RE5,539196210 539196211 539196497 539196499 539200830 539232240 539234976 539234986 574728675 789281513 1051221627 1051221630 1051221631 1051221632
S01203_S01204,S01203,S01204,ok,6,2,2401.9,2485.1,2259.1,1.0632,110.0,0.0,180,52,48.0,RE5|S40|S50,539231990 539231992 539231993 539232002 539232008 539232015 539232245 539234979
S01203_S01206,S01203,S01206,ok,6,2,4430.2,4507.8,4164.4,1.0638,109.9,0.0,240,35,66.5,S40|S50,140956823 538956626 538956631 538957624 538958086 539190345 539190346 539190378 539190380 539195970 539195972 539195975 539195977 539196210 539196211 539200830 539232240 539234976 539234986
S01204_S01203,S01204,S01203,ok,6,2,2401.9,2485.1,2259.1,1.0632,110.0,0.0,180,52,48.0,RE5|S40|S50,539231990 539231992 539231993 539232002 539232008 539232015 539232245 539234979
S01204_S01205,S01204,S01205,ok,4,1,3620.7,3691.8,3457.5,1.0472,87.6,0.0,240,52,54.3,RE5|S40|S50,53800102 53800105 53800108 53800112 53800113 53800114 53800115 53800117 53800118 53800122 53800125 53800128 53800129 223882143 539201117 539231989 539231995 539231996 539232000 549168982 564106097 984730402 1096692808 1096692809 1385131041
S01205_S01030,S01205,S01030,ok,13,2,18539.8,18556.3,17621.0,1.0521,,2.5,780,36,85.6,RE5|S50,87653997 87654007 223457646 223459446 223459448 223459449 223461352 223461353 223462562 223462563 223462568 223462569 223462571 223462572 223465862 223465864 223755546 223755547 223755551 223755552 223757268 223877165 223877176 223881109 223881111 236558006 236558007 248001118 601276507 625735728 625735733 686692815 686692817 686692818 686693878 686693879 686693882 686693884 686693886 686693887 686693890 686693891 686694119 686694122 686694123 686694126 840810166 840810167 841334440 841334442 984730389 984730392 984730394 984730396 984730398 984730400 984730401 1496321272 1496321273 1532604497 1532604499 1532604500
S01205_S01204,S01205,S01204,ok,4,1,3620.7,3691.8,3457.5,1.0472,87.6,0.0,180,52,72.4,RE5|S40|S50,53800102 53800105 53800108 53800112 53800113 53800114 53800115 53800117 53800118 53800122 53800125 53800128 53800129 223882143 539201117 539231989 539231995 539231996 539232000 549168982 564106097 984730402 1096692808 1096692809 1385131041
S01205_S01207,S01205,S01207,ok,10,2,4378.4,4435.1,4224.6,1.0364,,9.3,240,38,65.7,RE5|S5,223877176 223881109 223881111 686692815 840810166 840810167 841334440 984730398 984730400 984730401 1496321272 1496321273 1532604497 1532604499 1532604500
S01206_S01203,S01206,S01203,ok,6,2,4430.2,4507.8,4164.4,1.0638,109.9,0.0,180,35,88.6,S40|S50,140956823 538956626 538956631 538957624 538958086 539190345 539190346 539190378 539190380 539195970 539195972 539195975 539195977 539196210 539196211 539200830 539232240 539234976 539234986
S01206_S19919,S01206,S19919,ok,6,2,3435.4,3485.4,3177.9,1.081,93.7,0.0,180,35,68.7,S40|S50,238007295 238007297 238007302 238007307 538953117 538953119 984730403 1056477356
S01207_S01205,S01207,S01205,ok,10,2,4378.4,4435.1,4224.6,1.0364,,9.3,360,37,43.8,S5,223877176 223881109 223881111 686692815 840810166 840810167 841334440 984730398 984730400 984730401 1496321272 1496321273 1532604497 1532604499 1532604500
S01207_S01208,S01207,S01208,ok,6,2,3943.6,4023.5,3882.4,1.0158,115.0,0.0,240,38,59.2,RE5|S5,185545989 686692816 686692819 686693875 841334441
S01208_S01207,S01208,S01207,ok,6,2,3943.6,4023.5,3882.4,1.0158,115.0,0.0,240,37,59.2,S5,185545989 686692816 686692819 686693875 841334441
S01208_S01209,S01208,S01209,ok,6,2,2420.8,2479.2,2442.9,0.9909,111.6,0.0,180,38,48.4,RE5|S5,23208149 23208150 77882698 77882701 87654007 625735728 625735733 686693884 686693885 984730392
S01209_S01208,S01209,S01208,ok,6,2,2420.8,2479.2,2442.9,0.9909,111.6,0.0,180,37,48.4,S5,23208149 23208150 77882698 77882701 87654007 625735728 625735733 686693884 686693885 984730392
S01209_S01210,S01209,S01210,ok,2,2,2829.3,2861.1,2814.1,1.0054,105.0,0.0,180,38,56.6,RE5|S5,87654000 223465854 236558004 236558005 686693888 686693889 686693893 686693894
S01210_S01030,S01210,S01030,ok,13,2,4760.9,4777.5,4308.0,1.1051,102.7,0.0,300,38,57.1,RE5|S5,223457646 223459446 223459448 223459449 223461352 223461353 223462562 223462563 223462568 223462569 223462571 223462572 223465862 223465864 248001118 601276507 686694119 686694122 686694123 686694126 984730389
S01210_S01209,S01210,S01209,ok,2,2,2829.3,2861.1,2814.1,1.0054,105.0,0.0,180,37,56.6,S5,87654000 223465854 236558004 236558005 686693888 686693889 686693893 686693894
S01301_S01307,S01301,S01307,ok,17,2,3984.0,4076.3,4089.6,0.9742,,1.8,240,67,59.8,RE80|S10|S11|S40,173953236 173953242 173953274 173953289 173953295 224793841 224851941 224851944 1186218069 1460143229 1541021569 1541021587
S01301_S05306,S01301,S05306,ok,16,,2655.4,2665.4,2637.4,1.0068,75.6,0.0,120,51,79.7,RE80|S10|S11|S40,173937411 173937438 173945444 173945447 173945448 173945451 173945452 173945453 173953285 900954053 973578076 1006404598 1084267730 1096521688
S01301_S13143,S01301,S13143,ok,17,,7448.6,8680.8,5818.0,1.2803,,9.5,420,16,63.8,RE80,40332336 40332337 76238246 76238253 172026229 173661841 173664891 173664895 173664896 173664903 173664909 173911504 173922104 173922106 173922108 173922123 173922124 173922125 173922126 173922127 173937428 173937440 173945448 173945450 173945453 173953285 900954053 973578076 974416031 974416034 1006404598 1084267730 1096521688 1497189340
S01301_S19919,S01301,S19919,ok,17,2,9608.4,10840.7,7039.6,1.3649,,3.9,960,1,36.0,S40,40332336 40332337 43705982 73332872 73332874 76238246 76238253 76820198 76820203 140953302 140953310 172026229 173911507 173922103 173937428 173937440 173945448 173945450 173945453 173953285 238007295 238007304 238068719 238068720 315115582 315115597 315123446 315123448 611781300 900954053 973578076 974416031 974416033 1006404598 1084267730 1096521688 1497189339
S01307_S01301,S01307,S01301,ok,17,2,3984.0,4076.3,4089.6,0.9742,,1.8,300,68,47.8,RE80|S10|S11|S40,173953236 173953242 173953274 173953289 173953295 224793841 224851941 224851944 1186218069 1460143229 1541021569 1541021587
S01307_S01313,S01307,S01313,ok,11,2,12293.8,12427.9,10523.6,1.1682,,2.3,720,2,61.5,RE80,4719949 52131728 52131813 52131814 52131815 134270329 134270332 134270334 134270337 134270338 134270344 134270347 134270348 134270352 134270353 224784603 224784604 224793843 224851940 226740085 227132886 315115564 315115586 315115591 957464534 957572012 984060168 1460143231 1460143234 1460143246 1460143248
S01307_S09998,S01307,S09998,ok,11,2,3839.7,3973.8,2871.6,1.3371,,7.4,240,84,57.6,R18|RE80|S10|S11,224793843 224851940 226740085 227132886 957572012
S01312_S01313,S01312,S01313,ok,4,2,3092.5,3211.1,3044.2,1.0159,124.2,0.0,180,37,61.9,S11,4719949 52131728 52131813 52131814 52131815 134270329 134270332 134270334 134270344 134270347 134270353 1460143248
S01312_S09998,S01312,S09998,ok,4,2,5225.1,5301.3,4776.9,1.0938,102.3,0.0,300,36,62.7,S11,134270337 134270338 134270348 134270352 224784603 224784604 315115564 315115591 957464534 984060168 1460143232 1460143233 1460143246
S01313_S01312,S01313,S01312,ok,4,2,3092.5,3211.1,3044.2,1.0159,124.2,0.0,180,36,61.9,S11,4719949 52131728 52131813 52131814 52131815 134270329 134270332 134270334 134270344 134270347 134270353 1460143248
S01313_S01315,S01313,S01315,ok,4,2,2370.9,2437.8,2204.5,1.0755,,14.3,180,37,47.4,S11,52131640 52131641 52131729 224745566 984060171 1460143255 1460143267
S01313_S01318,S01313,S01318,ok,4,2,12487.6,12554.5,11204.8,1.1145,,1.6,540,2,83.3,RE80,43017839 43017840 52131155 52131640 52131641 52131729 60229522 217807737 217807739 224644886 224645981 224737996 224737999 224743344 224743345 224743352 241025388 372078844 374945151 374945153 984060171 984060172 984060173 1031302523 1077903476 1092219756 1280890549 1460143255 1460143266 1460143267
S01315_S01313,S01315,S01313,ok,4,2,2370.9,2437.8,2204.5,1.0755,,14.3,180,36,47.4,S11,52131640 52131641 52131729 224745566 984060171 1460143255 1460143267
S01315_S01316,S01315,S01316,ok,8,2,3713.3,3795.3,3782.0,0.9818,,18.7,180,37,74.3,S11,52131155 60229522 224743330 224743344 224743345 224743352 224745549 374945151 1280890549
S01316_S01315,S01316,S01315,ok,8,2,3713.3,3795.3,3782.0,0.9818,,18.7,240,36,55.7,S11,52131155 60229522 224743330 224743344 224743345 224743352 224745549 374945151 1280890549
S01316_S01318,S01316,S01318,ok,6,2,6204.1,6282.7,5961.9,1.0406,,1.8,300,37,74.4,S11,43017839 43017840 217807737 217807739 224644886 224645981 224737996 224737999 241025388 372078844 374945153 984060172 984060173 1031302523 1077903476 1092219756
S01316_S01925,S01316,S01925,ok,2,,2230.2,2230.9,2296.0,0.9714,,42.4,240,20,33.5,S4,60229523 196092685 196092688 224740057 314109357 1022678356 1022678357 1022678358 1031302524 1385171982
S01318_S01307,S01318,S01307,ok,19,2,24848.4,24955.9,20746.7,1.1977,,2.0,1860,1,48.1,RE80,4719949 43017839 43017840 52131155 52131640 52131641 52131728 52131729 52131813 52131814 52131815 60229522 134270329 134270332 134270334 134270337 134270338 134270344 134270347 134270348 134270352 134270353 217807737 217807739 224644886 224645981 224737996 224737999 224743344 224743345 224743352 224784603 224784604 224793843 224851940 226740085 227132886 241025388 315115564 315115586 315115591 372078844 374945151 374945153 957464534 957572012 984060168 984060171 984060172 984060173 1031302523 1077903476 1092219756 1280890549 1460143231 1460143234 1460143246 1460143248 1460143255 1460143266 1460143267
S01318_S01316,S01318,S01316,ok,6,2,6204.1,6282.7,5961.9,1.0406,,1.8,240,36,93.1,S11,43017839 43017840 217807737 217807739 224644886 224645981 224737996 224737999 241025388 372078844 374945153 984060172 984060173 1031302523 1077903476 1092219756
S01318_S01320,S01318,S01320,ok,19,2,3091.7,3356.6,3123.6,0.9898,,22.4,180,72,61.8,RE80|S11|S9,224642146 224644882 224644885 372078842 372105518 372105522 379227581 379227582 379227584 1280890553 1280890562 1280890564
S01318_S01322,S01318,S01322,ok,19,2,9600.2,9865.1,9312.1,1.0309,,7.6,420,18,82.3,RE80,50059796 50059797 50664582 50664583 50726132 161983799 161983801 224640514 224640522 224640523 224642145 224642146 224644882 224644885 232233879 237428231 372078842 372105518 372105522 377683479 377683480 379227581 379227582 379227584 522819238 1280589761 1280890553 1280890562 1280890564
S01318_S01929,S01318,S01929,ok,19,1,3370.0,3767.4,3214.4,1.0484,65.7,0.0,240,33,50.5,S9,372078844 372105516 984949949 1077903476 1095855906
S01318_S09998,S01318,S09998,ok,19,2,20944.4,21051.9,18029.9,1.1616,,1.0,900,18,83.8,RE80,4719949 43017839 43017840 52131155 52131640 52131641 52131728 52131729 52131813 52131814 52131815 60229522 134270329 134270332 134270334 134270337 134270338 134270344 134270347 134270348 134270352 134270353 217807737 217807739 224644886 224645981 224737996 224737999 224743344 224743345 224743352 224784603 224784604 241025388 315115564 315115591 372078844 374945151 374945153 957464534 984060168 984060171 984060172 984060173 1031302523 1077903476 1092219756 1280890549 1460143232 1460143233 1460143246 1460143248 1460143255 1460143266 1460143267
S01320_S01318,S01320,S01318,ok,19,2,3091.7,3356.6,3123.6,0.9898,,22.4,240,71,46.4,S11|S9,224642146 224644882 224644885 372078842 372105518 372105522 379227581 379227582 379227584 1280890553 1280890562 1280890564
S01320_S01321,S01320,S01321,ok,4,2,2067.0,2154.4,2056.1,1.0053,,0.0,180,71,41.3,S11|S9,224640514 224640522 224640523 224642145 224642891 377683479 377683480 522819238 1280589761
S01320_S01322,S01320,S01322,ok,4,2,6421.1,6508.5,6317.4,1.0164,,0.6,300,1,77.1,RE80,50059796 50059797 50664582 50664583 50726132 161983799 161983801 224640514 224640522 224640523 224642145 224642891 232233879 237428231 377683479 377683480 522819238 1280589761
S01321_S01320,S01321,S01320,ok,4,2,2067.0,2154.4,2056.1,1.0053,,0.0,180,71,41.3,S11|S9,224640514 224640522 224640523 224642145 224642891 377683479 377683480 522819238 1280589761
S01321_S01322,S01321,S01322,ok,2,2,4353.8,4354.1,4262.1,1.0215,132.5,0.0,240,71,65.3,S11|S9,161983794 161983796 161983797 161983799 161983800 161983801 186334329 232233879
S01322_S01318,S01322,S01318,ok,19,2,9600.2,9865.1,9312.1,1.0309,,7.6,480,19,72.0,RE80,50059796 50059797 50664582 50664583 50726132 161983799 161983801 224640514 224640522 224640523 224642145 224642146 224644882 224644885 232233879 237428231 372078842 372105518 372105522 377683479 377683480 379227581 379227582 379227584 522819238 1280589761 1280890553 1280890562 1280890564
S01322_S01321,S01322,S01321,ok,2,2,4353.8,4354.1,4262.1,1.0215,132.5,0.0,240,71,65.3,S11|S9,161983794 161983796 161983797 161983799 161983800 161983801 186334329 232233879
S01322_S01325,S01322,S01325,ok,12,4,4872.6,4932.3,4859.9,1.0026,,6.2,240,149,73.1,R14|RE8|S11|S7|S8|S9,161964485 161964488 161972566 232233423 243195558 244565785 266106826 900960790 984047050 1273096802 1273096812 1273096815
S01322_S01480,S01322,S01480,ok,9,1,981.3,1037.1,1011.4,0.9702,,4.5,120,20,29.4,S7,227192230 227192231 227210838 227210839 232059503 232233425 1264189821 1297791703 1297791704
S01322_S01510,S01322,S01510,ok,12,2,6565.0,7314.6,6413.3,1.0237,,4.3,300,59,78.8,R14|S8,161972540 161972565 161972569 161972576 227174521 227174522 227174524 227192226 227192227 582627155 984047039 984047042 1225684018 1225684019 1271195551 1271195552
S01322_S01511,S01322,S01511,ok,12,2,11715.5,12465.1,11530.9,1.016,,4.5,480,2,87.9,RE8,107403100 107403101 161972540 161972565 161972569 161972576 161982433 161982436 224149934 224149935 224149938 224149940 224149953 224151685 227174521 227174522 227174524 227192226 227192227 582627155 582627158 978819346 984047039 984047042 1225684018 1225684019 1271195551 1271195552
S01322_S01520,S01322,S01520,ok,12,2,36918.1,37667.8,32316.5,1.1424,,6.3,1620,14,82.0,RE8,107403100 107403101 142811891 161972540 161972565 161972569 161972576 161982433 161982436 224149934 224149935 224149938 224149940 224151684 224162594 224162595 224162596 224162600 224162612 224286866 224286867 224289035 224289037 224289044 224289045 224289046 224290039 224290040 224290041 224290042 224290043 224293263 224293264 224402304 224402315 224402316 224406612 224406625 224409449 224412350 224412351 224414897 224414904 224414905 224416651 224416652 224416658 224416659 226606193 227174521 227174522 227174524 227192226 227192227 243195573 317202963 317202978 441784737 441784740 513255051 582627155 582627158 898623292 899598283 978817475 978817478 979428967 983679713 984047037 984047039 984047042 1087228643 1087228647 1113366749 1225684018 1225684019 1228870211 1228870212 1228870235 1228870236 1228870245 1228870249 1232462147 1232462148 1232695769 1232695770 1232695780 1232695781 1232695783 1232695784 1232695798 1232695799 1238345203 1238345205 1238345219 1249943006 1249943007 1249943008 1261894040 1261894043 1271195551 1271195552 1273096810
S01322_S01524,S01322,S01524,ok,12,2,29987.0,30736.7,27624.5,1.0855,,3.3,1260,5,85.7,RE8,107403100 107403101 142811891 161972540 161972565 161972569 161972576 161982433 161982436 224149934 224149935 224149938 224149940 224151684 224162594 224162595 224162596 224162600 224162612 224286866 224286867 224289035 224289037 224289044 224289045 224289046 224290039 224290040 224290041 224290042 224290043 224293263 224293264 224293275 224293280 224293284 224293288 227174521 227174522 227174524 227192226 227192227 243195573 317202963 317202978 441784737 441784740 582627155 582627158 789059034 898623292 979428967 983679713 984047039 984047042 1087228642 1225684018 1225684019 1228870211 1228870212 1228870235 1228870236 1228870245 1228870249 1232462147 1232462148 1232695769 1232695770 1232695780 1232695781 1232695783 1232695784 1232695798 1232695799 1238345203 1238345205 1238345219 1249943003 1271195551 1271195552
S01322_S01700,S01322,S01700,ok,12,4,11831.6,11891.2,11474.1,1.0312,,9.1,600,38,71.0,RE8|RE80,112550890 114384240 114568035 114751802 114795794 114825939 114866916 114891337 161964485 161964488 161972566 174617992 174617997 186334331 186334332 232233423 243195558 244565785 251823025 251823032 266106826 395633809 395633810 395686718 396537975 900960790 984047050 984047054 984047055 984047056 1084316016 1150199441 1150199442 1273096802 1273096812 1273096815
S01325_S01322,S01325,S01322,ok,12,4,4872.6,4932.3,4859.9,1.0026,,6.2,240,151,73.1,R14|RE8|S11|S7|S8|S9,161964485 161964488 161972566 232233423 243195558 244565785 266106826 900960790 984047050 1273096802 1273096812 1273096815
S01325_S01326,S01325,S01326,ok,8,4,3673.5,3675.5,3700.8,0.9926,,38.7,240,147,55.1,R14|S11|S7|S8|S9,114440336 177521998 186334332 266106827 278555137 278563251 984047055
S01325_S01701,S01325,S01701,ok,8,4,7614.9,7616.8,6294.0,1.2099,,3.7,660,2,41.5,RE8,23339367 104365482 104365491 112550887 112581142 114392626 163088866 177521995 186334331 186334332 251823025 251823032 266106827 396528060 396528061 435246245 435246247 435249678 435249679 435252808 435252815 435253476 435253477 759378723 984047055 984085240 1064205509 1148268140 1156079442 1171257832
S01326_S01325,S01326,S01325,ok,8,4,3673.5,3675.5,3700.8,0.9926,,38.7,180,148,73.5,R14|S11|S7|S8|S9,114440336 177521998 186334332 266106827 278555137 278563251 984047055
S01326_S01645,S01326,S01645,ok,18,2,3832.0,4023.2,3787.6,1.0117,,7.9,360,113,38.3,R14|S11|S7|S8,14347492 112550890 114384240 114384241 114709328 224531361 240292963 243195557 251823032 297186754 333887972 333887975 759253365 759253375 984047057 1134633936
S01326_S01700,S01326,S01700,ok,18,4,3185.8,3344.2,2998.0,1.0626,,28.7,420,1,27.3,S11,112550890 114384240 114751802 114795794 114825939 114866916 114891337 174617992 174617997 251823032 395633809 395633810 395686718 396537975 759253365 984047056 1084316016 1134633936 1150199441 1150199442
S01326_S01701,S01326,S01701,ok,18,2,3839.1,3957.8,3593.4,1.0684,,3.1,360,70,38.4,R38|R4|RE13|S9,23339367 104365482 104365491 112581142 163088866 251823030 396528060 396528061 435246245 435246247 435249678 435249679 435252808 435252815 435253476 435253477 759378723 984085240 1064205509 1086918444 1086918451 1134633936 1148268140 1156079442 1171257832
S01400_S01403,S01400,S01403,ok,9,1,13611.0,13721.5,11900.5,1.1437,,0.1,720,1,68.1,R11,84667644 84723045 84723047 88195504 103523683 103523686 128157191 128157193 215812973 215812975 216148239 216148240 216148242 216148243 335103771 366845229 366845230 527821385 527821403 637456270 637462503 637462504 848067496 848067497 848067501 848067502 914197472 914197482 914197489 914197490 985974102 985974103 985974104 985974105 985974106 985974108 985974109 1060125525 1060125526
S01400_S01417,S01400,S01417,ok,9,1,1429.5,1540.0,1436.9,0.9949,50.1,0.0,120,15,42.9,R11,84723045 84723047 215812973 215812975 335103771 366845229 366845230 914197472 914197482
S01401_S01402,S01401,S01402,ok,1,1,3424.4,3424.4,3486.3,0.9823,,0.2,180,15,68.5,R11,103523683 103523686 527821403 637456270 637462503 637462504 848067496 848067497 848067502 985974106
S01401_S01417,S01401,S01417,ok,1,1,4461.7,4461.7,3732.9,1.1952,64.1,0.0,300,16,53.5,R11,84667644 84723045 128157191 128157193 216148239 216148240 216148242 216148243 527821385 637456270 985974103 985974104 985974105
S01402_S01401,S01402,S01401,ok,1,1,3424.4,3424.4,3486.3,0.9823,,0.2,180,16,68.5,R11,103523683 103523686 527821403 637456270 637462503 637462504 848067496 848067497 848067502 985974106
S01402_S01403,S01402,S01403,ok,2,1,4209.5,4295.4,3938.0,1.0689,81.8,0.0,180,15,84.2,R11,88195504 848067501 914197489 914197490 985974102 985974108 985974109 1060125525 1060125526
S01403_S01402,S01403,S01402,ok,2,1,4209.5,4295.4,3938.0,1.0689,81.8,0.0,180,16,84.2,R11,88195504 848067501 914197489 914197490 985974102 985974108 985974109 1060125525 1060125526
S01403_S01404,S01403,S01404,ok,3,1,2082.1,2147.6,1793.3,1.161,75.0,0.0,120,15,62.5,R11,88195508 99801729 99801759 99801809 99801830 99801840 914197487 985974110 985974112
S01403_S01405,S01403,S01405,ok,5,1,6193.7,6619.0,5004.9,1.2375,77.2,0.0,360,1,61.9,R11,88195508 99801729 99801731 99801759 99801809 99801822 99801823 99801830 99801840 99801846 914197487 985974110 985974112 985974113 985974114 1016568549 1016568550 1016568553 1537468380
S01404_S01403,S01404,S01403,ok,3,1,2082.1,2147.6,1793.3,1.161,75.0,0.0,120,16,62.5,R11,88195508 99801729 99801759 99801809 99801830 99801840 914197487 985974110 985974112
S01404_S01405,S01404,S01405,ok,2,1,4041.4,4111.6,3896.1,1.0373,78.4,0.0,180,15,80.8,R11,99801731 99801822 99801823 99801846 985974113 985974114 1016568549 1016568550 1016568553 1537468380
S01405_S01404,S01405,S01404,ok,2,1,4041.4,4111.6,3896.1,1.0373,78.4,0.0,180,16,80.8,R11,99801731 99801822 99801823 99801846 985974113 985974114 1016568549 1016568550 1016568553 1537468380
S01405_S01420,S01405,S01420,ok,2,1,6264.9,6265.0,5849.5,1.071,,3.6,420,16,53.7,R11,90912500 99801768 124158701 124158705 219787799 219787800 683238638 914197498 914197500 914197515 914197516 985974115 1016568554 1273096807
S01406_S01407,S01406,S01407,ok,2,1,3864.5,3864.9,3446.6,1.1213,80.0,0.0,240,14,58.0,R13|RE8,40602699 40602700 40602707 90744897 90912465 90912479 90912499 90912515 90912531 90912533 90912538 192000751 192000752 192000756 192000758 192072551
S01406_S01420,S01406,S01420,ok,2,1,2379.3,2379.9,2408.4,0.9879,,4.7,180,13,47.6,R13,90912486 90912514 90912531 90936158 90936163 541404653 914197504 914197505 914197509
S01407_S01406,S01407,S01406,ok,2,1,3864.5,3864.9,3446.6,1.1213,80.0,0.0,240,13,58.0,R13,40602699 40602700 40602707 90744897 90912465 90912479 90912499 90912515 90912531 90912533 90912538 192000751 192000752 192000756 192000758 192072551
S01407_S01408,S01407,S01408,ok,3,1,3116.3,3199.4,2968.7,1.0497,,7.6,240,14,46.7,R13|RE8,40602622 40602623 90744860 90744882 90744886 90744895 90744903 90744904 90744909 985861656
S01408_S01407,S01408,S01407,ok,3,1,3116.3,3199.4,2968.7,1.0497,,7.6,180,13,62.3,R13,40602622 40602623 90744860 90744882 90744886 90744895 90744903 90744904 90744909 985861656
S01408_S01409,S01408,S01409,ok,3,1,4512.6,4570.7,4202.7,1.0737,,5.4,300,15,54.2,R13|RE8,40602598 40602915 40602916 40603004 40603005 40603008 90526425 90744870 192000755 192000757 226927498 331862015 541404651 985861655
S01409_S01408,S01409,S01408,ok,3,1,4512.6,4570.7,4202.7,1.0737,,5.4,300,13,54.2,R13,40602598 40602915 40602916 40603004 40603005 40603008 90526425 90744870 192000755 192000757 226927498 331862015 541404651 985861655
S01409_S01411,S01409,S01411,ok,2,1,3347.3,3347.8,3055.7,1.0954,,5.0,240,32,50.2,R13|RE8,39237068 90526419 90526422 90526423 90526428 162219488 191944862 331862015 541404649 541404650
S01409_S01420,S01409,S01420,ok,2,1,14013.2,14014.1,12251.4,1.1438,,4.7,960,17,52.5,RE8,40602598 40602622 40602623 40602699 40602700 40602707 40602915 40602916 40603004 40603005 40603008 90526425 90744860 90744870 90744882 90744886 90744887 90744895 90744897 90744903 90744904 90744909 90912465 90912479 90912486 90912499 90912514 90912515 90912531 90912533 90912538 90936158 90936163 192000751 192000752 192000755 192000756 192000757 192000758 192072551 226927498 331862015 541404651 541404653 914197504 914197505 914197509 985861655 985861656
S01411_S01409,S01411,S01409,ok,2,1,3347.3,3347.8,3055.7,1.0954,,5.0,240,30,50.2,R13|RE8,39237068 90526419 90526422 90526423 90526428 162219488 191944862 331862015 541404649 541404650
S01411_S01412,S01411,S01412,ok,7,1,1925.7,1980.4,1839.0,1.0472,80.0,0.0,180,14,38.5,R13|RE8,39237063 39237064 90504114 90504115 185005042 185005109 338145357
S01411_S01415,S01411,S01415,ok,7,1,12133.6,12188.3,11440.1,1.0606,80.0,0.0,660,18,66.2,RE8,39237063 39237064 90258532 90258539 90258541 90258543 90504105 90504111 90504112 90504114 90504115 90504118 90504120 167584972 167584973 185005042 185005109 185874815 185874816 192000753 192000759 262455914 262455915 338145357 338145358
S01412_S01411,S01412,S01411,ok,7,1,1925.7,1980.4,1839.0,1.0472,80.0,0.0,240,12,28.9,R13,39237063 39237064 90504114 90504115 185005042 185005109 338145357
S01412_S01413,S01412,S01413,ok,1,1,4527.7,4527.7,4307.1,1.0512,80.0,0.0,300,14,54.3,R13|RE8,90258543 90504105 90504111 90504112 90504118 90504120 167584972 167584973 185874815 185874816 338145357 338145358
S01413_S01411,S01413,S01411,ok,2,1,6453.4,6455.3,6140.3,1.051,80.0,0.0,360,1,64.5,R13,39237063 39237064 90258543 90504105 90504111 90504112 90504114 90504115 90504118 90504120 167584972 167584973 185005042 185005109 185874815 185874816 338145357 338145358
S01413_S01412,S01413,S01412,ok,1,1,4527.7,4527.7,4307.1,1.0512,80.0,0.0,300,12,54.3,R13,90258543 90504105 90504111 90504112 90504118 90504120 167584972 167584973 185874815 185874816 338145357 338145358
S01413_S01414,S01413,S01414,ok,2,1,2826.0,2826.3,2690.4,1.0504,80.0,0.0,180,14,56.5,R13|RE8,90258539 90258541 90258543
S01414_S01413,S01414,S01413,ok,2,1,2826.0,2826.3,2690.4,1.0504,80.0,0.0,240,12,42.4,R13,90258539 90258541 90258543
S01414_S01415,S01414,S01415,ok,1,1,2854.3,2854.3,2622.5,1.0884,80.0,0.0,240,14,42.8,R13|RE8,90258532 90258541 192000753 192000759 262455914 262455915
S01415_S01411,S01415,S01411,ok,7,1,12133.6,12188.3,11440.1,1.0606,80.0,0.0,720,17,60.7,RE8,39237063 39237064 90258532 90258539 90258541 90258543 90504105 90504111 90504112 90504114 90504115 90504118 90504120 167584972 167584973 185005042 185005109 185874815 185874816 192000753 192000759 262455914 262455915 338145357 338145358
S01415_S01413,S01415,S01413,ok,2,1,5680.3,5680.5,5307.3,1.0703,80.0,0.0,420,1,48.7,R13,90258532 90258539 90258541 90258543 192000753 192000759 262455914 262455915
S01415_S01414,S01415,S01414,ok,1,1,2854.3,2854.3,2622.5,1.0884,80.0,0.0,180,12,57.1,R13,90258532 90258541 192000753 192000759 262455914 262455915
S01415_S01416,S01415,S01416,ok,2,1,2453.8,2454.4,2389.9,1.0267,,15.3,240,14,36.8,R13|RE8,90255723 90255742 192000750 192000754 262455913 665037959 926685808
S01415_S01520,S01415,S01520,ok,2,1,9360.7,9361.3,8568.6,1.0924,,6.2,600,18,56.2,RE8,37555994 37555997 65215185 85872513 85872539 90231199 90231207 90231209 90231216 90237911 90237912 90237913 90237914 90237915 90237916 90237917 90237918 90255722 90255723 90255729 90255741 90255742 162004790 162004791 186966505 192000750 192000754 262455913 316255032 316255033 513255059 665037959 926685808 926685809 1127867401 1127867402
S01416_S01415,S01416,S01415,ok,2,1,2453.8,2454.4,2389.9,1.0267,,15.3,180,13,49.1,R13,90255723 90255742 192000750 192000754 262455913 665037959 926685808
S01416_S01520,S01416,S01520,ok,2,1,6906.9,6908.1,6293.0,1.0975,,3.0,420,14,59.2,R13|RE8,37555994 37555997 65215185 85872513 85872539 90231199 90231207 90231209 90231216 90237911 90237912 90237913 90237914 90237915 90237916 90237917 90237918 90255722 90255729 90255741 162004790 162004791 186966505 316255032 316255033 513255059 665037959 926685809 1127867401 1127867402
S01417_S01400,S01417,S01400,ok,9,1,1429.5,1540.0,1436.9,0.9949,50.1,0.0,180,16,28.6,R11,84723045 84723047 215812973 215812975 335103771 366845229 366845230 914197472 914197482
S01417_S01401,S01417,S01401,ok,1,1,4461.7,4461.7,3732.9,1.1952,64.1,0.0,300,15,53.5,R11,84667644 84723045 128157191 128157193 216148239 216148240 216148242 216148243 527821385 637456270 985974103 985974104 985974105
S01420_S01405,S01420,S01405,ok,2,1,6264.9,6265.0,5849.5,1.071,,3.6,300,16,75.2,R11,90912500 99801768 124158701 124158705 219787799 219787800 683238638 914197498 914197500 914197515 914197516 985974115 1016568554 1273096807
S01420_S01406,S01420,S01406,ok,2,1,2379.3,2379.9,2408.4,0.9879,,4.7,180,14,47.6,R13|RE8,90912486 90912514 90912531 90936158 90936163 541404653 914197504 914197505 914197509
S01420_S01408,S01420,S01408,ok,12,1,9443.2,9940.8,8572.0,1.1016,,3.7,600,1,56.7,RE8,40602622 40602623 40602699 40602700 40602707 90744860 90744882 90744886 90744887 90744895 90744897 90744903 90744904 90744909 90912465 90912479 90912486 90912499 90912514 90912515 90912531 90912533 90912538 90936158 90936163 192000751 192000752 192000756 192000758 192072551 541404653 914197504 914197505 914197509 985861656
S01420_S01409,S01420,S01409,ok,2,1,14013.2,14014.1,12251.4,1.1438,,4.7,780,17,64.7,RE8,40602598 40602622 40602623 40602699 40602700 40602707 40602915 40602916 40603004 40603005 40603008 90526425 90744860 90744870 90744882 90744886 90744887 90744895 90744897 90744903 90744904 90744909 90912465 90912479 90912486 90912499 90912514 90912515 90912531 90912533 90912538 90936158 90936163 192000751 192000752 192000755 192000756 192000757 192000758 192072551 226927498 331862015 541404651 541404653 914197504 914197505 914197509 985861655 985861656
S01420_S01422,S01420,S01422,ok,12,1,6869.8,7215.1,6601.6,1.0406,,2.6,300,11,82.4,R13,34924365 90912500 145270322 191149771 191149772 914197498 914197500 914197515 914197516 1273096807
S01420_S01425,S01420,S01425,ok,12,1,15307.0,15652.3,14885.8,1.0283,,1.2,720,17,76.5,RE8,34924365 79235502 79330794 79330817 79330818 79330880 79330890 90912500 92138254 92138269 145270322 191149771 191149772 914197498 914197500 914197515 914197516 961258892 985861657 1273096806 1273096807 1340161018 1340161019 1514953752 1514953753
S01422_S01420,S01422,S01420,ok,12,1,6869.8,7215.1,6601.6,1.0406,,2.6,300,11,82.4,R13,34924365 90912500 145270322 191149771 191149772 914197498 914197500 914197515 914197516 1273096807
S01422_S01424,S01422,S01424,ok,2,1,5014.3,5014.6,4961.5,1.0106,101.4,0.0,240,11,75.2,R13,92138254 92138269 191149771 961258892 985861657 1340161018 1340161019 1514953752 1514953753
S01424_S01422,S01424,S01422,ok,2,1,5014.3,5014.6,4961.5,1.0106,101.4,0.0,240,11,75.2,R13,92138254 92138269 191149771 961258892 985861657 1340161018 1340161019 1514953752 1514953753
S01424_S01425,S01424,S01425,ok,2,1,3422.9,3423.1,3335.1,1.0263,95.0,0.0,240,11,51.3,R13,79235502 79330794 79330817 79330818 79330880 79330890 92138269 1273096806
S01425_S01420,S01425,S01420,ok,12,1,15307.0,15652.3,14885.8,1.0283,,1.2,720,17,76.5,RE8,34924365 79235502 79330794 79330817 79330818 79330880 79330890 90912500 92138254 92138269 145270322 191149771 191149772 914197498 914197500 914197515 914197516 961258892 985861657 1273096806 1273096807 1340161018 1340161019 1514953752 1514953753
S01425_S01424,S01425,S01424,ok,2,1,3422.9,3423.1,3335.1,1.0263,95.0,0.0,180,11,68.5,R13,79235502 79330794 79330817 79330818 79330880 79330890 92138269 1273096806
S01425_S01426,S01425,S01426,ok,3,1,2599.3,2631.1,2462.7,1.0554,95.0,0.0,180,11,52.0,R13,79235276 79235324 79235464 79235465 79235497 79235502 79235535 1273096805
S01425_S01430,S01425,S01430,ok,3,1,24852.0,24883.9,23670.6,1.0499,,0.6,1140,17,78.5,RE8,74501158 74501163 74508172 74508176 74508186 74508189 74508191 74508194 79235276 79235324 79235464 79235465 79235497 79235502 79235535 102306859 102306861 102306866 102306898 102306940 102306951 102306956 102306959 102306966 102306992 102306996 102306998 102307013 102307027 102307029 102307053 104662633 104662683 106784247 106784366 163413272 163413273 163413278 163413280 541403213 985861658 985861660 985861661 985861663 1273096801 1273096805
S01426_S01425,S01426,S01425,ok,3,1,2599.3,2631.1,2462.7,1.0554,95.0,0.0,120,11,78.0,R13,79235276 79235324 79235464 79235465 79235497 79235502 79235535 1273096805
S01426_S01427,S01426,S01427,ok,1,1,4729.7,4729.7,4586.1,1.0313,93.2,0.0,240,11,70.9,R13,74508172 74508176 74508186 74508189 74508191 74508194 79235535 104662633 985861658 1273096801
S01427_S01426,S01427,S01426,ok,1,1,4729.7,4729.7,4586.1,1.0313,93.2,0.0,240,11,70.9,R13,74508172 74508176 74508186 74508189 74508191 74508194 79235535 104662633 985861658 1273096801
S01427_S01428,S01427,S01428,ok,4,1,6988.6,7063.1,6901.6,1.0126,,5.2,300,11,83.9,R13,102306951 279346499 279346500 279346501 985861660
S01428_S01427,S01428,S01427,ok,4,1,6988.6,7063.1,6901.6,1.0126,,5.2,300,11,83.9,R13,102306951 279346499 279346500 279346501 985861660
S01428_S01429,S01428,S01429,ok,2,1,5148.1,5148.2,5043.2,1.0208,107.3,0.0,300,11,61.8,R13,102306859 102306940 102306951 102306956 102306959 102306992 102306998 102307013 102307053 163413272 163413273 163413278 163413280 985861661
S01429_S01428,S01429,S01428,ok,2,1,5148.1,5148.2,5043.2,1.0208,107.3,0.0,300,11,61.8,R13,102306859 102306940 102306951 102306956 102306959 102306992 102306998 102307013 102307053 163413272 163413273 163413278 163413280 985861661
S01429_S01430,S01429,S01430,ok,2,1,5299.9,5312.5,5186.6,1.0218,,2.7,360,11,53.0,R13,74501158 74501163 102306861 102306866 102306898 102306959 102306966 102307027 102307029 106784247 106784366 985861663 985861665
S01430_S01425,S01430,S01425,ok,3,1,24852.0,24883.9,23670.6,1.0499,,0.6,1020,17,87.7,RE8,74501158 74501163 74508172 74508176 74508186 74508189 74508191 74508194 79235276 79235324 79235464 79235465 79235497 79235502 79235535 102306859 102306861 102306866 102306898 102306940 102306951 102306956 102306959 102306966 102306992 102306996 102306998 102307013 102307027 102307029 102307053 104662633 104662683 106784247 106784366 163413272 163413273 163413278 163413280 541403213 985861658 985861660 985861661 985861663 1273096801 1273096805
S01430_S01429,S01430,S01429,ok,2,1,5299.9,5312.5,5186.6,1.0218,,2.7,240,11,79.5,R13,74501158 74501163 102306861 102306866 102306898 102306959 102306966 102307027 102307029 106784247 106784366 985861663 985861665
S01430_S01433,S01430,S01433,ok,14,1,4838.5,5040.1,4706.8,1.028,75.0,0.0,300,3,58.1,R12,79697175 79697179 79697184 79697191 79697227 79697228 79697255 79697262 101163777 101163807 144095260 1273096804
S01430_S01437,S01430,S01437,ok,14,1,16779.8,16981.4,16254.7,1.0323,73.9,0.0,1080,15,55.9,RE8,27290963 79697175 79697179 79697184 79697191 79697192 79697203 79697227 79697228 79697255 79697262 79699684 79699689 79699692 101163714 101163735 101163777 101163807 144095260 158723993 986028379 1273096804
S01433_S01430,S01433,S01430,ok,14,1,4838.5,5040.1,4706.8,1.028,75.0,0.0,360,2,48.4,R12|RE8,79697175 79697179 79697184 79697191 79697227 79697228 79697255 79697262 101163777 101163807 144095260 1273096804
S01433_S01434,S01433,S01434,ok,3,1,3404.6,3489.3,3261.8,1.0438,69.9,0.0,240,3,51.1,R12,27290963 79697192 79699684 79699689 79699692 986028379
S01434_S01433,S01434,S01433,ok,3,1,3404.6,3489.3,3261.8,1.0438,69.9,0.0,240,2,51.1,R12|RE8,27290963 79697192 79699684 79699689 79699692 986028379
S01434_S01435,S01434,S01435,ok,3,1,1262.6,1280.8,1271.0,0.9934,75.0,0.0,120,2,37.9,R12,158723993
S01434_S01437,S01434,S01437,ok,3,1,8433.9,8452.2,8309.4,1.015,75.0,0.0,540,1,56.2,R12,101163714 101163735 158723993
S01435_S01434,S01435,S01434,ok,3,1,1262.6,1280.8,1271.0,0.9934,75.0,0.0,120,2,37.9,R12|RE8,158723993
S01435_S01436,S01435,S01436,ok,1,1,2753.8,2753.8,2751.7,1.0007,75.0,0.0,180,2,55.1,R12,101163714 101163735 158723993
S01436_S01435,S01436,S01435,ok,1,1,2753.8,2753.8,2751.7,1.0007,75.0,0.0,180,2,55.1,R12|RE8,101163714 101163735 158723993
S01436_S01437,S01436,S01437,ok,1,1,4417.6,4417.6,4361.2,1.0129,75.0,0.0,300,2,53.0,R12,101163735
S01437_S01430,S01437,S01430,ok,14,1,16779.8,16981.4,16254.7,1.0323,73.9,0.0,1080,14,55.9,RE8,27290963 79697175 79697179 79697184 79697191 79697192 79697203 79697227 79697228 79697255 79697262 79699684 79699689 79699692 101163714 101163735 101163777 101163807 144095260 158723993 986028379 1273096804
S01437_S01436,S01437,S01436,ok,1,1,4417.6,4417.6,4361.2,1.0129,75.0,0.0,300,2,53.0,R12|RE8,101163735
S01437_S01438,S01437,S01438,ok,2,1,2948.2,2948.8,2912.4,1.0123,75.0,0.0,180,3,59.0,R12,101163735
S01437_S01440,S01437,S01440,ok,2,1,8968.9,8969.5,8734.1,1.0269,,1.5,660,15,48.9,RE8,27174416 27174642 27290959 101163735 106507737 106507750 263805862
S01438_S01437,S01438,S01437,ok,2,1,2948.2,2948.8,2912.4,1.0123,75.0,0.0,240,2,44.2,R12|RE8,101163735
S01438_S01439,S01438,S01439,ok,1,1,2346.9,2346.9,2329.5,1.0075,75.0,0.0,180,2,46.9,R12,101163735 106507737 106507750
S01438_S01440,S01438,S01440,ok,1,1,6020.7,6020.7,5822.5,1.034,,2.2,480,1,45.2,R12,27174416 27174642 27290959 101163735 106507737 106507750 263805862
S01439_S01438,S01439,S01438,ok,1,1,2346.9,2346.9,2329.5,1.0075,75.0,0.0,180,2,46.9,R12|RE8,101163735 106507737 106507750
S01439_S01440,S01439,S01440,ok,1,1,3673.8,3673.8,3540.7,1.0376,,3.6,300,2,44.1,R12,27174416 27174642 27290959 106507737 263805862
S01440_S01437,S01440,S01437,ok,2,1,8968.9,8969.5,8734.1,1.0269,,1.5,540,14,59.8,RE8,27174416 27174642 27290959 101163735 106507737 106507750 263805862
S01440_S01439,S01440,S01439,ok,1,1,3673.8,3673.8,3540.7,1.0376,,3.6,240,2,55.1,R12|RE8,27174416 27174642 27290959 106507737 263805862
S01450_S01451,S01450,S01451,ok,1,1,3969.9,3969.9,3864.9,1.0272,90.0,0.0,240,11,59.5,R18,35550324 48360121 48360122 48360123 48360124 1175021401 1175021402 1175021405 1175021406 1175021407 1175021408
S01450_S09998,S01450,S09998,ok,1,1,3239.7,3239.7,1388.6,2.333,,22.1,300,11,38.9,R18,35550324 92986557 92986578 224789662 224789665 224790502 226739291 315115584 957464534 984053961 1460143232 1460143233
S01451_S01450,S01451,S01450,ok,1,1,3969.9,3969.9,3864.9,1.0272,90.0,0.0,180,11,79.4,R18,35550324 48360121 48360122 48360123 48360124 1175021401 1175021402 1175021405 1175021406 1175021407 1175021408
S01451_S01452,S01451,S01452,ok,1,1,4526.4,4526.4,4130.0,1.096,90.0,0.0,240,11,67.9,R18,48360121 48360126 48360127 48360128 48360129 316254136 316254137
S01451_S01454,S01451,S01454,ok,1,1,10404.3,10404.3,9327.3,1.1155,,1.4,600,1,62.4,R18,48360121 48360125 48360126 48360127 48360128 48360129 48360138 316254136 316254137 439014962 439014963 439014965 734283165 734283166 984053959 1282505526
S01452_S01451,S01452,S01451,ok,1,1,4526.4,4526.4,4130.0,1.096,90.0,0.0,240,11,67.9,R18,48360121 48360126 48360127 48360128 48360129 316254136 316254137
S01452_S01453,S01452,S01453,ok,1,1,2078.7,2078.7,1925.6,1.0795,90.0,0.0,120,11,62.4,R18,48360125 48360126 48360138
S01453_S01452,S01453,S01452,ok,1,1,2078.7,2078.7,1925.6,1.0795,90.0,0.0,120,11,62.4,R18,48360125 48360126 48360138
S01453_S01454,S01453,S01454,ok,1,1,3799.2,3799.2,3597.7,1.056,,3.9,300,11,45.6,R18,48360138 439014962 439014963 439014965 734283165 734283166 984053959 1282505526
S01454_S01094,S01454,S01094,ok,1,1,2377.9,2377.9,2125.7,1.1187,,6.0,180,27,47.6,R16,192093197 439014962 439014963 439014965 640911951 640911952 807608432 984958008 1282500612
S01454_S01096,S01454,S01096,ok,7,1,3997.7,4066.0,3788.0,1.0553,69.1,0.0,300,26,48.0,R16,32500566 439014966 542094279 542094282 552885982 984958005 1032576914 1531447592
S01454_S01453,S01454,S01453,ok,1,1,3799.2,3799.2,3597.7,1.056,,3.9,240,11,57.0,R18,48360138 439014962 439014963 439014965 734283165 734283166 984053959 1282505526
S01454_S01456,S01454,S01456,ok,4,1,1516.4,1654.2,1228.9,1.2339,80.0,0.0,120,11,45.5,R18,32489469 48360135 542124380 542124381 542124382 1411982457
S01454_S01458,S01454,S01458,ok,11,1,5288.1,5775.8,4526.1,1.1684,80.0,0.0,420,1,45.3,R18,32489469 48360133 48360135 192093201 306150312 542124380 542124381 542124382 1283225275 1411982457
S01456_S01454,S01456,S01454,ok,4,1,1516.4,1654.2,1228.9,1.2339,80.0,0.0,120,11,45.5,R18,32489469 48360135 542124380 542124381 542124382 1411982457
S01456_S01457,S01456,S01457,ok,1,1,1589.1,1589.1,1529.7,1.0388,80.0,0.0,120,11,47.7,R18,32489469
S01457_S01456,S01457,S01456,ok,1,1,1589.1,1589.1,1529.7,1.0388,80.0,0.0,120,11,47.7,R18,32489469
S01457_S01458,S01457,S01458,ok,1,1,2182.7,2182.7,2129.2,1.0251,80.0,0.0,180,11,43.7,R18,32489469 48360133 192093201 306150312 1283225275
S01458_S01457,S01458,S01457,ok,1,1,2182.7,2182.7,2129.2,1.0251,80.0,0.0,120,11,65.5,R18,32489469 48360133 192093201 306150312 1283225275
S01458_S01460,S01458,S01460,ok,9,1,2921.3,3151.4,2923.7,0.9992,,22.9,120,21,87.6,R18|S7,48358246 306148544 306150310 306150311 306150313 306150314 306150317 984051823
S01458_S01463,S01458,S01463,ok,9,1,10925.9,11156.1,8927.4,1.2239,,2.8,600,1,65.6,R18,48357891 48358242 48358244 48358245 48358246 134994399 134994401 244797158 306148544 306150313 306150317 814593614 969784790 969784791 984051822 984051823
S01458_S01491,S01458,S01491,ok,9,1,2671.8,2942.7,2321.7,1.1508,65.0,0.0,180,19,53.4,S7,48358622 48358623 232279803 232279808 306148514 306148521 306148530 552885375 984051825 1283225273 1283225274
S01458_S01520,S01458,S01520,ok,9,1,14635.1,14865.3,10977.5,1.3332,,4.7,1140,1,46.2,R18,48357659 48357660 48357661 48357663 48357890 48357891 48358242 48358244 48358245 48358246 86055011 86055020 86055022 86055025 86055026 86055031 134994399 134994401 224416653 224416660 224416661 244797158 306148544 306150313 306150317 306155797 306155799 513255057 814593614 814593615 899368363 899368364 969784790 969784791 984051821 984051822 984051823 1087228644 1262226446
S01460_S01458,S01460,S01458,ok,9,1,2921.3,3151.4,2923.7,0.9992,,22.9,180,20,58.4,R18|S7,48358246 306148544 306150310 306150311 306150313 306150314 306150317 984051823
S01460_S01461,S01460,S01461,ok,5,1,4554.7,5197.8,3974.5,1.146,,1.9,180,20,91.1,R18|S7,48358244 48358245 134994401 244797158 306150311 969784790 969784791 984051822 1367364434
S01460_S01463,S01460,S01463,ok,5,1,7922.4,8565.4,6823.1,1.1611,,1.1,480,1,59.4,S7,48357891 48358242 48358244 48358245 134994399 134994401 244797158 306150311 814593614 969784790 969784791 984051822 1367364434
S01461_S01460,S01461,S01460,ok,5,1,4554.7,5197.8,3974.5,1.146,,1.9,240,17,68.3,S7,48358244 48358245 134994401 244797158 306150311 969784790 969784791 984051822 1367364434
S01461_S01462,S01461,S01462,ok,1,1,1238.3,1238.3,1214.3,1.0198,80.0,0.0,60,17,74.3,R18|S7,48357891 48358242 134994399 134994401 814593614
S01461_S01463,S01461,S01463,ok,1,1,3367.7,3367.7,2880.4,1.1692,80.0,0.0,240,3,50.5,R18|S7,48357891 48358242 134994399 134994401 814593614
S01462_S01461,S01462,S01461,ok,1,1,1238.3,1238.3,1214.3,1.0198,80.0,0.0,60,17,74.3,S7,48357891 48358242 134994399 134994401 814593614
S01462_S01463,S01462,S01463,ok,1,1,2129.4,2129.4,2067.5,1.03,80.0,0.0,120,17,63.9,R18|S7,814593614
S01463_S01460,S01463,S01460,ok,5,1,7922.4,8565.4,6823.1,1.1611,,1.1,360,2,79.2,R18|S7,48357891 48358242 48358244 48358245 134994399 134994401 244797158 306150311 814593614 969784790 969784791 984051822 1367364434
S01463_S01462,S01463,S01462,ok,1,1,2129.4,2129.4,2067.5,1.03,80.0,0.0,120,17,63.9,S7,814593614
S01463_S01520,S01463,S01520,ok,3,1,3702.1,3709.5,2232.5,1.6583,,2.8,300,22,44.4,R18|S7,48357659 48357660 48357661 48357663 48357890 86055011 86055020 86055022 86055025 86055026 86055031 224416653 224416660 224416661 306155797 306155799 513255057 814593615 899368363 899368364 984051821 1087228644 1262226446
S01480_S01322,S01480,S01322,ok,9,1,981.3,1037.1,1011.4,0.9702,,4.5,120,20,29.4,S7,227192230 227192231 227210838 227210839 232059503 232233425 1264189821 1297791703 1297791704
S01480_S01481,S01480,S01481,ok,4,2,2869.1,2911.5,2868.5,1.0002,115.6,0.0,240,20,43.0,S7,227174522 984047039 984047042
S01481_S01480,S01481,S01480,ok,4,2,2869.1,2911.5,2868.5,1.0002,115.6,0.0,180,20,57.4,S7,227174522 984047039 984047042
S01481_S01482,S01481,S01482,ok,4,1,2449.1,2483.0,2029.6,1.2067,80.0,0.0,180,20,49.0,S7,25741311 48170063 48171256 48171257 193514066 280517154 1271195564
S01482_S01481,S01482,S01481,ok,4,1,2449.1,2483.0,2029.6,1.2067,80.0,0.0,120,20,73.5,S7,25741311 48170063 48171256 48171257 193514066 280517154 1271195564
S01482_S01483,S01482,S01483,ok,1,1,1252.8,1252.8,1234.2,1.0151,80.0,0.0,60,20,75.2,S7,150933738 193514066 258134362
S01483_S01482,S01483,S01482,ok,1,1,1252.8,1252.8,1234.2,1.0151,80.0,0.0,60,20,75.2,S7,150933738 193514066 258134362
S01483_S01484,S01483,S01484,ok,1,1,1750.7,1750.7,1732.3,1.0106,80.0,0.0,120,20,52.5,S7,150933738
S01484_S01483,S01484,S01483,ok,1,1,1750.7,1750.7,1732.3,1.0106,80.0,0.0,120,20,52.5,S7,150933738
S01484_S01485,S01484,S01485,ok,1,1,2231.5,2231.5,2147.7,1.039,80.0,0.0,180,20,44.6,S7,48505441 48505447 48505448 48505452 48505457 140355529 150933738 299681730 299681731 552885373
S01485_S01484,S01485,S01484,ok,1,1,2231.5,2231.5,2147.7,1.039,80.0,0.0,120,20,66.9,S7,48505441 48505447 48505448 48505452 48505457 140355529 150933738 299681730 299681731 552885373
S01485_S01486,S01485,S01486,ok,5,1,2371.5,2416.8,2246.6,1.0556,70.0,0.0,120,20,71.1,S7,140007791 171879789 171879792 171879793 171879794 196965903 196965904 196970353 306148518 306148527 457395670 457395673 500735522 500735524 552885372
S01486_S01485,S01486,S01485,ok,5,1,2371.5,2416.8,2246.6,1.0556,70.0,0.0,180,20,47.4,S7,140007791 171879789 171879792 171879793 171879794 196965903 196965904 196970353 306148518 306148527 457395670 457395673 500735522 500735524 552885372
S01486_S01487,S01486,S01487,ok,1,1,1992.7,1992.7,1720.6,1.1581,70.0,0.0,120,20,59.8,S7,140007791 306148523 394904514
S01487_S01486,S01487,S01486,ok,1,1,1992.7,1992.7,1720.6,1.1581,70.0,0.0,120,20,59.8,S7,140007791 306148523 394904514
S01487_S01488,S01487,S01488,ok,2,1,2544.4,2550.3,2149.2,1.1839,,6.9,180,20,50.9,S7,306148515 306148517 394904513 979430100
S01488_S01487,S01488,S01487,ok,2,1,2544.4,2550.3,2149.2,1.1839,,6.9,180,20,50.9,S7,306148515 306148517 394904513 979430100
S01488_S01489,S01488,S01489,ok,2,1,3356.3,3356.6,2868.4,1.1701,86.7,0.0,180,19,67.1,S7,194936892 197008547 306148516 306148520 306148526 306148531 1271195561 1271195562
S01489_S01488,S01489,S01488,ok,2,1,3356.3,3356.6,2868.4,1.1701,86.7,0.0,240,19,50.3,S7,194936892 197008547 306148516 306148520 306148526 306148531 1271195561 1271195562
S01489_S01490,S01489,S01490,ok,1,1,2156.0,2156.0,1973.4,1.0925,,0.3,120,19,64.7,S7,194936892 306148519 306148547 1050591332 1050591333
S01490_S01489,S01490,S01489,ok,1,1,2156.0,2156.0,1973.4,1.0925,,0.3,120,19,64.7,S7,194936892 306148519 306148547 1050591332 1050591333
S01490_S01491,S01490,S01491,ok,1,1,2370.7,2370.7,1964.8,1.2066,,4.8,120,19,71.1,S7,48358624 48358625 306148524 306148525 306148528 306148535 306148547 552885374
S01491_S01458,S01491,S01458,ok,9,1,2671.8,2942.7,2321.7,1.1508,65.0,0.0,180,19,53.4,S7,48358622 48358623 232279803 232279808 306148514 306148521 306148530 552885375 984051825 1283225273 1283225274
S01491_S01490,S01491,S01490,ok,1,1,2370.7,2370.7,1964.8,1.2066,,4.8,180,19,47.4,S7,48358624 48358625 306148524 306148525 306148528 306148535 306148547 552885374
S01492_S01632,S01492,S01632,ok,6,2,3427.8,3441.0,2678.2,1.2799,,1.6,360,31,34.3,S9,112916433 119086620 141197445 141198787 141198789 343195802 343195814 1046524308 1346896414
S01492_S01633,S01492,S01633,ok,4,2,1279.7,1314.9,1097.0,1.1666,61.8,0.0,180,71,25.6,S5|S6,112895439 184899271 343195821 900177654 900177655 951200512 1034168516 1038003727 1046524305
S01492_S01701,S01492,S01701,ok,8,4,2369.3,2522.9,2405.5,0.9849,,6.6,240,56,35.5,R38|RE13|RE8|S9,112735920 112735930 114709311 132264770 343195806 435398902 435398905 973727543 973727545 1023977336 1023977340 1540138351 1540138357 1540138359 1540138361
S01492_S01715,S01492,S01715,ok,10,2,5506.8,6111.2,5188.2,1.0614,,15.6,360,70,55.1,S5|S6,112800932 112854672 112854676 112854679 113369931 114219154 386890853 984085246 1026476232 1046524303 1046865153 1046865154 1185513377
S01492_S01820,S01492,S01820,ok,10,2,3282.9,3340.7,3282.3,1.0002,60.0,0.0,360,25,32.8,R38|RE13|RE8|S9,116963520 141198787 145039987 145039996 145040005 343195802 343195814 1034168510 1034168512 1046524308
S01502_S01503,S01502,S01503,ok,2,1,2629.4,2629.5,2513.8,1.046,57.1,0.0,360,22,26.3,R14,31299611 173026826 173026827 173920408 240623707 513252406 625718821 978819344 978819345 978819665 983679712 992044164 992152395
S01502_S01511,S01502,S01511,ok,2,1,6057.7,6057.8,5742.6,1.0549,,1.2,600,21,36.3,R14,173025615 173920408 173920433 173920444 173920448 174138427 174138432 224157545 898623290 984047038 1228870215 1228870216 1228870240
S01503_S01502,S01503,S01502,ok,2,1,2629.4,2629.5,2513.8,1.046,57.1,0.0,360,21,26.3,R14,31299611 173026826 173026827 173920408 240623707 513252406 625718821 978819344 978819345 978819665 983679712 992044164 992152395
S01503_S01504,S01503,S01504,ok,3,1,5128.5,5128.6,5118.3,1.002,120.0,0.0,300,22,61.5,R14,34700698 34700699 52102144 52102146 625718821 695843082 695843083 970359089 970359090 1448612265 1448612266
S01504_S01503,S01504,S01503,ok,3,1,5128.5,5128.6,5118.3,1.002,120.0,0.0,300,21,61.5,R14,34700698 34700699 52102144 52102146 625718821 695843082 695843083 970359089 970359090 1448612265 1448612266
S01504_S01528,S01504,S01528,ok,9,1,4017.0,4820.0,3928.7,1.0225,,6.3,360,22,40.2,R14,32533285 402144620 695843083 835061624 835061625 971405591 971405594 978819343
S01510_S01322,S01510,S01322,ok,12,2,6565.0,7314.6,6413.3,1.0237,,4.3,360,58,65.7,R14|S8,161972540 161972565 161972569 161972576 227174521 227174522 227174524 227192226 227192227 582627155 984047039 984047042 1225684018 1225684019 1271195551 1271195552
S01510_S01511,S01510,S01511,ok,2,2,5149.0,5150.5,5197.1,0.9908,,3.7,300,59,61.8,R14|S8,224147587 224149933 224149936 224149937 224149947 224149948 224149953 224149954 582627156 582627157 978819346
S01511_S01322,S01511,S01322,ok,12,2,11715.5,12465.1,11530.9,1.016,,4.5,540,3,78.1,RE8,107403100 107403101 161972540 161972565 161972569 161972576 161982433 161982436 224149934 224149935 224149938 224149940 224149953 224151685 227174521 227174522 227174524 227192226 227192227 582627155 582627158 978819346 984047039 984047042 1225684018 1225684019 1271195551 1271195552
S01511_S01502,S01511,S01502,ok,2,1,6057.7,6057.8,5742.6,1.0549,,1.2,300,22,72.7,R14,173025615 173920408 173920433 173920444 173920448 174138427 174138432 224157545 898623290 984047038 1228870215 1228870216 1228870240
S01511_S01510,S01511,S01510,ok,2,2,5149.0,5150.5,5197.1,0.9908,,3.7,240,58,77.2,R14|S8,224147587 224149933 224149936 224149937 224149947 224149948 224149953 224149954 582627156 582627157 978819346
S01511_S01512,S01511,S01512,ok,12,2,3046.8,3141.4,2996.5,1.0168,,1.6,180,37,60.9,S8,142811891 224157546 317202963 317202994 898623290 984047038 1228870215 1228870216 1228870235 1228870236 1228870240 1232462147 1232462148
S01511_S01513,S01511,S01513,ok,12,2,4973.2,5067.8,4961.8,1.0023,150.0,0.0,300,2,59.7,RE8,142811890 317202968 317202994 898623290 984047038 1228870215 1228870216 1228870237 1228870238 1228870240 1232462146 1232462149
S01512_S01511,S01512,S01511,ok,12,2,3046.8,3141.4,2996.5,1.0168,,1.6,240,37,45.7,S8,142811891 224157546 317202963 317202994 898623290 984047038 1228870215 1228870216 1228870235 1228870236 1228870240 1232462147 1232462148
S01512_S01513,S01512,S01513,ok,2,2,1924.6,1927.1,1968.8,0.9775,150.0,0.0,180,37,38.5,S8,142811890 1232462146
S01513_S01511,S01513,S01511,ok,12,2,4973.2,5067.8,4961.8,1.0023,150.0,0.0,420,1,42.6,RE8,142811890 317202968 317202994 898623290 984047038 1228870215 1228870216 1228870237 1228870238 1228870240 1232462146 1232462149
S01513_S01512,S01513,S01512,ok,2,2,1924.6,1927.1,1968.8,0.9775,150.0,0.0,180,37,38.5,S8,142811890 1232462146
S01513_S01514,S01513,S01514,ok,4,2,3796.2,3879.3,3831.9,0.9907,150.0,0.0,240,37,56.9,S8,224162594 224162595 224162596 224162600 224162612 243195573 1232695780 1232695781 1232695783 1232695784 1232695798 1232695799
S01513_S01524,S01513,S01524,ok,4,2,13132.3,13210.7,12100.9,1.0852,,3.0,540,2,87.5,RE8,224162594 224162595 224162596 224162600 224162612 224286866 224286867 224289035 224289037 224289044 224289045 224289046 224290039 224290040 224290041 224290042 224290043 224293263 224293264 224293275 224293280 224293284 224293288 243195573 441784737 441784740 789059034 979428967 1087228642 1232695769 1232695770 1232695780 1232695781 1232695783 1232695784 1232695798 1232695799 1238345203 1238345205 1238345219 1249943003
S01514_S01513,S01514,S01513,ok,4,2,3796.2,3879.3,3831.9,0.9907,150.0,0.0,240,37,56.9,S8,224162594 224162595 224162596 224162600 224162612 243195573 1232695780 1232695781 1232695783 1232695784 1232695798 1232695799
S01514_S01515,S01514,S01515,ok,4,2,3434.4,3523.6,3263.5,1.0524,150.0,0.0,180,37,68.7,S8,224286866 224286867 224289035 224289037 1232695769 1232695770 1238345205 1238345219
S01515_S01514,S01515,S01514,ok,4,2,3434.4,3523.6,3263.5,1.0524,150.0,0.0,180,37,68.7,S8,224286866 224286867 224289035 224289037 1232695769 1232695770 1238345205 1238345219
S01515_S01524,S01515,S01524,ok,4,2,5812.0,5813.2,5164.8,1.1253,,6.8,300,37,69.7,S8,224289044 224289045 224289046 224290039 224290040 224290041 224290042 224290043 224293263 224293264 224293275 224293280 224293284 224293288 441784737 441784740 789059034 979428967 1087228642 1238345203 1249943003
S01520_S01322,S01520,S01322,ok,12,2,36918.1,37667.8,32316.5,1.1424,,6.3,1500,18,88.6,RE8,107403100 107403101 142811891 161972540 161972565 161972569 161972576 161982433 161982436 224149934 224149935 224149938 224149940 224151684 224162594 224162595 224162596 224162600 224162612 224286866 224286867 224289035 224289037 224289044 224289045 224289046 224290039 224290040 224290041 224290042 224290043 224293263 224293264 224402304 224402315 224402316 224406612 224406625 224409449 224412350 224412351 224414897 224414904 224414905 224416651 224416652 224416658 224416659 226606193 227174521 227174522 227174524 227192226 227192227 243195573 317202963 317202978 441784737 441784740 513255051 582627155 582627158 898623292 899598283 978817475 978817478 979428967 983679713 984047037 984047039 984047042 1087228643 1087228647 1113366749 1225684018 1225684019 1228870211 1228870212 1228870235 1228870236 1228870245 1228870249 1232462147 1232462148 1232695769 1232695770 1232695780 1232695781 1232695783 1232695784 1232695798 1232695799 1238345203 1238345205 1238345219 1249943006 1249943007 1249943008 1261894040 1261894043 1271195551 1271195552 1273096810
S01520_S01415,S01520,S01415,ok,2,1,9360.7,9361.3,8568.6,1.0924,,6.2,540,17,62.4,RE8,37555994 37555997 65215185 85872513 85872539 90231199 90231207 90231209 90231216 90237911 90237912 90237913 90237914 90237915 90237916 90237917 90237918 90255722 90255723 90255729 90255741 90255742 162004790 162004791 186966505 192000750 192000754 262455913 316255032 316255033 513255059 665037959 926685808 926685809 1127867401 1127867402
S01520_S01416,S01520,S01416,ok,2,1,6906.9,6908.1,6293.0,1.0975,,3.0,420,13,59.2,R13,37555994 37555997 65215185 85872513 85872539 90231199 90231207 90231209 90231216 90237911 90237912 90237913 90237914 90237915 90237916 90237917 90237918 90255722 90255729 90255741 162004790 162004791 186966505 316255032 316255033 513255059 665037959 926685809 1127867401 1127867402
S01520_S01460,S01520,S01460,ok,14,1,11631.6,11850.8,8634.1,1.3472,,9.1,720,1,58.2,R18,48357659 48357660 48357661 48357663 48357890 48357891 48358242 48358244 48358245 86055011 86055020 86055022 86055025 86055026 86055031 134994399 134994401 224416655 224416662 224416663 244797158 306150311 306155797 306155799 814593614 814593615 899368363 899368364 969784790 969784791 984051821 984051822 1087228644 1127867403 1367364434
S01520_S01463,S01520,S01463,ok,3,1,3702.1,3709.5,2232.5,1.6583,,2.8,240,19,55.5,R18|S7,48357659 48357660 48357661 48357663 48357890 86055011 86055020 86055022 86055025 86055026 86055031 224416653 224416660 224416661 306155797 306155799 513255057 814593615 899368363 899368364 984051821 1087228644 1262226446
S01520_S01522,S01520,S01522,ok,14,2,3077.1,3167.6,3133.5,0.982,,29.7,240,37,46.2,S8,224406612 224406622 224406625 224409449 224412350 224412351 224414897 224414904 224414905 224416651 224416652 224416658 224416659 226606193 513255051 1087228643 1087228647 1113366749 1261894043 1273096810
S01520_S01523,S01520,S01523,ok,14,2,5394.7,5485.2,5336.4,1.0109,,17.2,300,8,64.7,R7,224402315 224406612 224406625 224409449 224412350 224412351 224414897 224414904 224414905 224416651 224416652 224416658 224416659 226606193 513255051 1087228643 1087228647 1113366749 1261894040 1261894043 1273096810
S01520_S01524,S01520,S01524,ok,14,2,6792.8,6883.3,6587.5,1.0312,,14.5,420,10,58.2,R7|RE8,112441194 112441197 224402315 224406612 224406625 224409449 224412350 224412351 224414897 224414904 224414905 224416651 224416652 224416658 224416659 226606193 331553380 513255051 899598282 1087228643 1087228647 1113366749 1249943010 1261894040 1261894043 1261894050 1273096810
S01522_S01520,S01522,S01520,ok,14,2,3077.1,3167.6,3133.5,0.982,,29.7,300,37,36.9,S8,224406612 224406622 224406625 224409449 224412350 224412351 224414897 224414904 224414905 224416651 224416652 224416658 224416659 226606193 513255051 1087228643 1087228647 1113366749 1261894043 1273096810
S01522_S01524,S01522,S01524,ok,15,2,3538.6,3802.2,3469.1,1.02,,11.8,240,37,53.1,S8,112441194 112441197 226606187 331553380 899598282 1249943010
S01523_S01520,S01523,S01520,ok,14,2,5394.7,5485.2,5336.4,1.0109,,17.2,480,5,40.5,R7,224402315 224406612 224406625 224409449 224412350 224412351 224414897 224414904 224414905 224416651 224416652 224416658 224416659 226606193 513255051 1087228643 1087228647 1113366749 1261894040 1261894043 1273096810
S01523_S01524,S01523,S01524,ok,4,2,1388.2,1399.4,1263.2,1.099,80.0,0.0,120,8,41.6,R7,112441194 112441197 899598282 1249943010
S01524_S01511,S01524,S01511,ok,7,2,18180.7,18321.3,17018.4,1.0683,,2.5,780,2,83.9,RE8,142811891 224157546 224162594 224162595 224162596 224162600 224162612 224286866 224286867 224289035 224289037 224289044 224289045 224289046 224290039 224290040 224290041 224290042 224290043 224293263 224293264 224293275 224293280 224293284 224293288 243195573 317202963 317202978 317202994 441784737 441784740 789059034 898623290 979428967 984047038 1087228642 1228870215 1228870216 1228870235 1228870236 1228870240 1232462147 1232462148 1232695769 1232695770 1232695780 1232695781 1232695783 1232695784 1232695798 1232695799 1238345203 1238345205 1238345219 1249943003
S01524_S01513,S01524,S01513,ok,4,2,13132.3,13210.7,12100.9,1.0852,,3.0,600,1,78.8,RE8,224162594 224162595 224162596 224162600 224162612 224286866 224286867 224289035 224289037 224289044 224289045 224289046 224290039 224290040 224290041 224290042 224290043 224293263 224293264 224293275 224293280 224293284 224293288 243195573 441784737 441784740 789059034 979428967 1087228642 1232695769 1232695770 1232695780 1232695781 1232695783 1232695784 1232695798 1232695799 1238345203 1238345205 1238345219 1249943003
S01524_S01515,S01524,S01515,ok,4,2,5812.0,5813.2,5164.8,1.1253,,6.8,240,37,87.2,S8,224289044 224289045 224289046 224290039 224290040 224290041 224290042 224290043 224293263 224293264 224293275 224293280 224293284 224293288 441784737 441784740 789059034 979428967 1087228642 1238345203 1249943003
S01524_S01520,S01524,S01520,ok,14,2,6792.8,6883.3,6587.5,1.0312,,14.5,420,18,58.2,R7|RE8,112441194 112441197 224402315 224406612 224406625 224409449 224412350 224412351 224414897 224414904 224414905 224416651 224416652 224416658 224416659 226606193 331553380 513255051 899598282 1087228643 1087228647 1113366749 1249943010 1261894040 1261894043 1261894050 1273096810
S01524_S01522,S01524,S01522,ok,15,2,3538.6,3802.2,3469.1,1.02,,11.8,300,37,42.5,S8,112441194 112441197 226606187 331553380 899598282 1249943010
S01524_S01523,S01524,S01523,ok,4,2,1388.2,1399.4,1263.2,1.099,80.0,0.0,120,5,41.6,R7,112441194 112441197 899598282 1249943010
S01524_S01525,S01524,S01525,ok,7,1,7959.6,8100.2,7823.8,1.0174,,3.3,420,15,68.2,R7,224293284 224293288 298331340 699065228 699065229 789059033 1087228656 1207088903 1207088904 1249943003 1462247483 1462247484 1465034640 1465034641
S01525_S01524,S01525,S01524,ok,7,1,7959.6,8100.2,7823.8,1.0174,,3.3,360,16,79.6,R7,224293284 224293288 298331340 699065228 699065229 789059033 1087228656 1207088903 1207088904 1249943003 1462247483 1462247484 1465034640 1465034641
S01525_S01526,S01525,S01526,ok,4,1,3180.4,3239.1,3071.5,1.0355,105.0,0.0,180,15,63.6,R7,32609590 32609591 107545351 695922133 978817479 1087228655 1087228660 1087228661
S01526_S01525,S01526,S01525,ok,4,1,3180.4,3239.1,3071.5,1.0355,105.0,0.0,180,16,63.6,R7,32609590 32609591 107545351 695922133 978817479 1087228655 1087228660 1087228661
S01526_S01527,S01526,S01527,ok,2,1,3110.4,3111.5,3137.5,0.9914,90.0,0.0,180,15,62.2,R7,305392895 305392896 305392897 305392898 590812517 789059037 1087228653
S01527_S01526,S01527,S01526,ok,2,1,3110.4,3111.5,3137.5,0.9914,90.0,0.0,180,16,62.2,R7,305392895 305392896 305392897 305392898 590812517 789059037 1087228653
S01527_S01528,S01527,S01528,ok,6,1,3789.2,3910.2,3692.4,1.0262,,1.3,300,15,45.5,R7,32533285 32609016 898600744
S01528_S01504,S01528,S01504,ok,9,1,4017.0,4820.0,3928.7,1.0225,,6.3,240,21,60.3,R14,32533285 402144620 695843083 835061624 835061625 971405591 971405594 978819343
S01528_S01527,S01528,S01527,ok,6,1,3789.2,3910.2,3692.4,1.0262,,1.3,240,16,56.8,R7,32533285 32609016 898600744
S01529_S01533,S01529,S01533,ok,9,2,4019.0,4730.8,3930.2,1.0226,103.2,0.0,240,18,60.3,R1,34055600 34055601 37705126 37705127 54680039 54680042 54680055 325790539 927791007 982933927 1414551661 1414551668 1414551669 1482200684
S01529_S01535,S01529,S01535,ok,9,1,11068.4,11780.3,10614.3,1.0428,107.4,0.0,660,1,60.4,R1,34055600 34055601 37705126 37705127 54680039 54680042 54680046 54680054 54680055 54680058 325790539 801337416 801337417 801337419 927791005 927791006 927791007 927791085 927791094 927791096 982933927 1023976874 1023976875 1414551661 1414551668 1414551669 1482200684
S01529_S01537,S01529,S01537,ok,9,1,17154.2,17866.0,15882.7,1.0801,108.3,0.0,1080,1,57.2,R5,34055600 34055601 37705126 37705127 37735641 37869113 37869116 54680039 54680042 54680046 54680054 54680055 54680058 325790539 801337416 801337417 801337418 801337419 900161307 900161308 927791004 927791005 927791006 927791007 927791072 927791075 927791076 927791083 927791085 927791094 927791096 982933927 1023976800 1023976801 1023976874 1023976875 1414551661 1414551668 1414551669 1482200684
S01529_S01600,S01529,S01600,ok,9,2,10711.6,11906.4,10346.9,1.0353,,2.8,480,28,80.3,RE2,30134289 30134290 30661718 30661719 31951995 31958147 32512582 35174456 35174457 35227208 35227210 35227214 35227215 36878067 36878068 41019004 41019005 48925590 48925611 51256732 51256758 51550409 51550411 80682288 80682294 128326003 325790529 325792913 325792918 325792934 325792940 325794259 325794261 325796916 325796924 927791119 941599314 973727571 973727575 973727577 973727580 1003204569 1382622123 1484713590 1484713591 1484713595 1484713596
S01529_S01612,S01529,S01612,ok,7,2,4508.6,4511.6,4233.8,1.0649,,6.8,240,17,67.6,R2,30661718 30661719 31958147 32512582 35174456 35174457 35227208 35227210 35227214 35227215 36878067 36878068 325790529 325792913 325792918 325792934 325792940 325794259 325794261 927791119 941599314 1003204569 1382622123 1484713590 1484713591 1484713595 1484713596
S01533_S01529,S01533,S01529,ok,9,2,4019.0,4730.8,3930.2,1.0226,103.2,0.0,300,18,48.2,R1|R5,34055600 34055601 37705126 37705127 54680039 54680042 54680055 325790539 927791007 982933927 1414551661 1414551668 1414551669 1482200684
S01533_S01534,S01533,S01534,ok,6,1,3453.8,3542.0,3327.0,1.0381,110.0,0.0,180,18,69.1,R1,54680046 54680058 927791006 927791094 927791096
S01534_S01533,S01534,S01533,ok,6,1,3453.8,3542.0,3327.0,1.0381,110.0,0.0,240,18,51.8,R1|R5,54680046 54680058 927791006 927791094 927791096
S01534_S01535,S01534,S01535,ok,1,1,3507.6,3507.6,3493.3,1.0041,110.0,0.0,180,18,70.2,R1,54680058 801337416 801337417 801337419 927791005 927791085 1023976874 1023976875
S01535_S01529,S01535,S01529,ok,9,1,11068.4,11780.3,10614.3,1.0428,107.4,0.0,600,1,66.4,R1,34055600 34055601 37705126 37705127 54680039 54680042 54680046 54680054 54680055 54680058 325790539 801337416 801337417 801337419 927791005 927791006 927791007 927791085 927791094 927791096 982933927 1023976874 1023976875 1414551661 1414551668 1414551669 1482200684
S01535_S01534,S01535,S01534,ok,1,1,3507.6,3507.6,3493.3,1.0041,110.0,0.0,180,18,70.2,R1|R5,54680058 801337416 801337417 801337419 927791005 927791085 1023976874 1023976875
S01535_S01536,S01535,S01536,ok,7,1,3717.8,3850.2,3704.5,1.0036,,7.3,240,18,55.8,R1,801337418 900165592 900165593 1023976800 1023976801
S01535_S01537,S01535,S01537,ok,7,1,5953.5,6086.0,5824.9,1.0221,,4.6,420,1,51.0,R1,37735641 37869113 37869116 801337418 900161307 900161308 900165592 900165593 927791072 927791075 927791076 1023976800 1023976801
S01536_S01535,S01536,S01535,ok,7,1,3717.8,3850.2,3704.5,1.0036,,7.3,240,19,55.8,R1|R5,801337418 900165592 900165593 1023976800 1023976801
S01536_S01537,S01536,S01537,ok,1,1,2235.7,2235.7,2198.2,1.0171,110.0,0.0,120,18,67.1,R1,37735641 37869113 37869116 801337418 900161307 900161308 927791072 927791075 927791076
S01537_S01536,S01537,S01536,ok,1,1,2235.7,2235.7,2198.2,1.0171,110.0,0.0,180,19,44.7,R1|R5,37735641 37869113 37869116 801337418 900161307 900161308 927791072 927791075 927791076
S01537_S01538,S01537,S01538,ok,4,1,4228.2,4272.4,4324.1,0.9778,110.0,0.0,240,20,63.4,R1|R5,31580069 31715535 31715536 31736905 31736907 31736908 37735644 900161309 900161310 927791003
S01538_S01529,S01538,S01529,ok,14,1,21426.3,22134.7,19694.6,1.0879,108.7,0.0,1500,1,51.4,R1,31580069 31715535 31715536 31736905 31736907 31736908 34055600 34055601 37705126 37705127 37735641 37735644 37869113 37869116 54680039 54680042 54680046 54680054 54680055 54680058 325790539 801337416 801337417 801337418 801337419 900161307 900161308 900161309 900161310 927791003 927791004 927791005 927791006 927791007 927791072 927791075 927791076 927791083 927791085 927791094 927791096 982933927 1023976800 1023976801 1023976874 1023976875 1414551661 1414551668 1414551669 1482200684
S01538_S01537,S01538,S01537,ok,4,1,4228.2,4272.4,4324.1,0.9778,110.0,0.0,240,19,63.4,R1|R5,31580069 31715535 31715536 31736905 31736907 31736908 37735644 900161309 900161310 927791003
S01538_S01539,S01538,S01539,ok,14,1,4211.0,4370.6,4251.3,0.9905,,4.7,180,17,84.2,R1,40493988 40493993 54746425 54746431 54746435 151823987 374504564 900161311 900161312 927791065
S01538_S01540,S01538,S01540,ok,14,1,7947.4,8107.0,7919.8,1.0035,,2.5,360,3,79.5,R1|R5,40493988 40493993 54746425 54746431 54746435 151823987 374504564 375849558 375849559 900161311 900161312 927791063 927791064 927791065
S01539_S01538,S01539,S01538,ok,14,1,4211.0,4370.6,4251.3,0.9905,,4.7,240,19,63.2,R1|R5,40493988 40493993 54746425 54746431 54746435 151823987 374504564 900161311 900161312 927791065
S01539_S01540,S01539,S01540,ok,2,1,3723.7,3736.5,3732.9,0.9975,110.0,0.0,240,17,55.9,R1,375849558 375849559 927791063 927791064
S01540_S01539,S01540,S01539,ok,2,1,3723.7,3736.5,3732.9,0.9975,110.0,0.0,180,19,74.5,R1|R5,375849558 375849559 927791063 927791064
S01540_S01714,S01540,S01714,ok,5,1,1951.8,2008.2,2047.3,0.9534,,0.0,180,20,39.0,R1|R5,54746442 94946950 192752799 900161315 900161316
S01600_S01529,S01600,S01529,ok,9,2,10711.6,11906.4,10346.9,1.0353,,2.8,660,27,58.4,RE2,30134289 30134290 30661718 30661719 31951995 31958147 32512582 35174456 35174457 35227208 35227210 35227214 35227215 36878067 36878068 41019004 41019005 48925590 48925611 51256732 51256758 51550409 51550411 80682288 80682294 128326003 325790529 325792913 325792918 325792934 325792940 325794259 325794261 325796916 325796924 927791119 941599314 973727571 973727575 973727577 973727580 1003204569 1382622123 1484713590 1484713591 1484713595 1484713596
S01600_S01601,S01600,S01601,ok,5,2,9739.6,9815.4,9814.6,0.9924,,2.6,480,10,73.0,RE2,325799736 325799739 325800470 325800471 325800491 325800496 325800497 325800500 325801073 325801074 325803786 325803787 325803789 325803792 458718707 458718709 665383671 665383672 973727560 973727562 973727563 973727574
S01600_S01608,S01600,S01608,ok,5,2,3572.7,3648.5,3647.9,0.9794,,7.0,180,17,71.5,R2,325799736 325799739 325800470 325800471 325800491 325800496 325800497 325800500 665383671 665383672 973727563 973727574
S01600_S01611,S01600,S01611,ok,4,2,2303.2,2304.2,2303.5,0.9999,150.0,0.0,180,18,46.1,R2,51550409 51550411 128326003 325796916 325796924 973727571 973727575
S01600_S01701,S01600,S01701,ok,5,2,38632.1,38708.1,32730.1,1.1803,,15.8,1920,1,72.4,RE2,114709311 181495375 201949850 201949855 201953152 202077429 202077430 202077431 202077432 202077433 202077439 202077441 202077442 244523545 246432422 246432423 325799736 325799739 325800470 325800471 325800491 325800496 325800497 325800500 325801073 325801074 325803786 325803787 325803789 325803792 325803794 325803795 399229363 399229365 436632394 436632399 458718707 458718709 465940662 472248082 598202659 665383671 665383672 931534417 941962262 941962263 973727543 973727546 973727547 973727549 973727558 973727560 973727562 973727563 973727574 981332916 981332919 981332923 981332934 1046865122 1046865143 1046865144 1051256768 1051256800 1051256801 1134655888 1174803047 1185513380 1185513381 1212518255 1212518258 1252016561 1252325739 1252629932 1252629933 1540138353
S01600_S01703,S01600,S01703,ok,5,2,30138.1,30214.1,26238.2,1.1486,,8.7,1140,17,95.2,RE2,201949850 201949855 201953152 202077429 202077430 202077431 202077432 202077433 202077439 202077441 202077442 244523545 246432422 246432423 325799736 325799739 325800470 325800471 325800491 325800496 325800497 325800500 325801073 325801074 325803786 325803787 325803789 325803792 325803794 325803795 399229363 458718707 458718709 465940662 472248082 598202659 665383671 665383672 931534417 941962262 941962263 973727546 973727547 973727549 973727558 973727560 973727562 973727563 973727574 981332923 981332934 1051256768 1051256800 1051256801 1134655888 1174803047 1212518255 1212518258 1252016561 1252325739 1252629932 1252629933
S01601_S01600,S01601,S01600,ok,5,2,9739.6,9815.4,9814.6,0.9924,,2.6,420,9,83.5,RE2,325799736 325799739 325800470 325800471 325800491 325800496 325800497 325800500 325801073 325801074 325803786 325803787 325803789 325803792 458718707 458718709 665383671 665383672 973727560 973727562 973727563 973727574
S01601_S01608,S01601,S01608,ok,6,2,6166.9,6238.1,6166.8,1.0,150.0,0.0,300,18,74.0,R2,44091113 44091127 44091130 44091131 52570126 458718710 458718711 941599313 973727559 973727561 973727564
S01601_S01703,S01601,S01703,ok,6,2,20327.3,20398.7,19966.6,1.0181,,11.7,660,10,110.9,RE2,201949850 201949855 201953152 202077429 202077430 202077431 202077432 202077433 202077439 202077441 202077442 244523545 246432422 246432423 325803794 325803795 399229363 465940662 472248082 931534417 941962262 941962263 973727546 973727547 973727549 973727558 981332923 981332934 1051256768 1051256800 1051256801 1134655888 1174803047 1212518255 1212518258 1252016561 1252325739 1252629932 1252629933
S01601_S01708,S01601,S01708,ok,6,,1294.7,1366.1,945.3,1.3696,,37.0,360,17,12.9,R2,246466943 246471073 325803794 387307018 598202658 931534403 941962262 941962263 973727558
S01602_S01603,S01602,S01603,ok,5,1,5640.8,5708.7,5254.3,1.0735,120.0,0.0,240,17,84.6,R6,38287005 180934969 1022120821
S01602_S01708,S01602,S01708,ok,5,1,5021.0,5089.1,4690.8,1.0704,,8.2,300,16,60.3,R6,38287009 386853667 387307048 396528072 596486876 598202654 598202656 600339828 659502290 659502291 659502292 659502293 931534406 983664535 983664536 1022120826 1212514311 1212514312
S01603_S01602,S01603,S01602,ok,5,1,5640.8,5708.7,5254.3,1.0735,120.0,0.0,240,16,84.6,R6,38287005 180934969 1022120821
S01603_S01604,S01603,S01604,ok,2,1,3886.0,3965.5,3983.9,0.9754,,6.5,180,17,77.7,R6,525461284 1022120820 1022120822
S01604_S01603,S01604,S01603,ok,2,1,3886.0,3965.5,3983.9,0.9754,,6.5,240,16,58.3,R6,525461284 1022120820 1022120822
S01604_S01605,S01604,S01605,ok,5,1,6872.1,7479.7,6762.1,1.0163,,2.7,300,17,82.5,R6,525459488 525459489 689452043 1016577813 1016577823 1022120776 1022120811 1022120817
S01605_S01604,S01605,S01604,ok,5,1,6872.1,7479.7,6762.1,1.0163,,2.7,300,16,82.5,R6,525459488 525459489 689452043 1016577813 1016577823 1022120776 1022120811 1022120817
S01605_S01610,S01605,S01610,ok,5,1,3779.0,3838.9,3813.8,0.9909,120.0,0.0,180,18,75.6,R6,38286956 38286959 649723546 649723550 699063880 699063881 1022120777 1022120812 1162251817 1162251818 1502508021
S01605_S01708,S01605,S01708,ok,5,1,21665.1,21724.0,18478.6,1.1724,,5.4,1020,2,76.5,R6,38287005 38287009 386853667 387307048 396528072 525459488 525459489 525461283 596486876 598202654 598202656 600339828 659502290 659502291 659502292 659502293 689452043 931534406 983664535 983664536 1016577813 1016577823 1022120776 1022120811 1022120817 1022120819 1022120820 1022120821 1022120822 1022120823 1022120826 1212514311 1212514312
S01606_S01605,S01606,S01605,ok,5,1,9251.8,9831.8,9232.9,1.002,120.0,0.0,420,2,79.3,R6,38286956 38286959 38286963 179145618 525456534 649723546 649723550 699063880 699063881 1022120777 1022120809 1022120810 1022120812 1162251817 1162251818 1502508021
S01606_S01607,S01606,S01607,ok,5,1,7385.5,7510.3,7260.6,1.0172,,3.1,300,18,88.6,R6,38286934 38286935 38286937 38286949 931591152 931591153 931591154 931591155 931591156 931591157 936642268 936642269 1022120802 1022120803
S01606_S01610,S01606,S01610,ok,5,1,5360.1,5940.1,5503.3,0.974,120.0,0.0,240,16,80.4,R6,38286963 179145618 525456534
S01607_S01606,S01607,S01606,ok,5,1,7385.5,7510.3,7260.6,1.0172,,3.1,300,18,88.6,R6,38286934 38286935 38286937 38286949 931591152 931591153 931591154 931591155 931591156 931591157 936642268 936642269 1022120802 1022120803
S01607_S01609,S01607,S01609,ok,7,1,8718.6,8851.1,8830.8,0.9873,,8.8,360,18,87.2,R6,332925432 446571515 1022120785 1022120788 1022120790 1022120795 1022120800
S01608_S01600,S01608,S01600,ok,5,2,3572.7,3648.5,3647.9,0.9794,,7.0,180,18,71.5,R2,325799736 325799739 325800470 325800471 325800491 325800496 325800497 325800500 665383671 665383672 973727563 973727574
S01608_S01601,S01608,S01601,ok,6,2,6166.9,6238.1,6166.8,1.0,150.0,0.0,360,17,61.7,R2,44091113 44091127 44091130 44091131 52570126 458718710 458718711 941599313 973727559 973727561 973727564
S01609_S01607,S01609,S01607,ok,7,1,8718.6,8851.1,8830.8,0.9873,,8.8,420,18,74.7,R6,332925432 446571515 1022120785 1022120788 1022120790 1022120795 1022120800
S01609_S01905,S01609,S01905,ok,6,1,6209.2,6909.5,6057.2,1.0251,114.4,0.0,300,18,74.5,R6,38286857 70265422 70265425 70265735 983664537 1016577799 1016577800 1022120784
S01610_S01605,S01610,S01605,ok,5,1,3779.0,3838.9,3813.8,0.9909,120.0,0.0,180,16,75.6,R6,38286956 38286959 649723546 649723550 699063880 699063881 1022120777 1022120812 1162251817 1162251818 1502508021
S01610_S01606,S01610,S01606,ok,5,1,5360.1,5940.1,5503.3,0.974,120.0,0.0,240,18,80.4,R6,38286963 179145618 525456534
S01611_S01600,S01611,S01600,ok,4,2,2303.2,2304.2,2303.5,0.9999,150.0,0.0,120,17,69.1,R2,51550409 51550411 128326003 325796916 325796924 973727571 973727575
S01611_S01612,S01611,S01612,ok,2,2,3899.8,3900.0,3899.5,1.0001,150.0,0.0,240,18,58.5,R2,30134289 30134290 31951995 35227214 41019004 41019005 48925590 48925611 51256732 51256758 80682288 80682294 325796924 973727577 973727580
S01612_S01529,S01612,S01529,ok,7,2,4508.6,4511.6,4233.8,1.0649,,6.8,360,18,45.1,R2,30661718 30661719 31958147 32512582 35174456 35174457 35227208 35227210 35227214 35227215 36878067 36878068 325790529 325792913 325792918 325792934 325792940 325794259 325794261 927791119 941599314 1003204569 1382622123 1484713590 1484713591 1484713595 1484713596
S01612_S01611,S01612,S01611,ok,2,2,3899.8,3900.0,3899.5,1.0001,150.0,0.0,240,17,58.5,R2,30134289 30134290 31951995 35227214 41019004 41019005 48925590 48925611 51256732 51256758 80682288 80682294 325796924 973727577 973727580
S01624_S01820,S01624,S01820,ok,8,4,1998.1,2161.6,2019.8,0.9893,63.8,0.0,240,67,30.0,S1|S12,141200519 144458014 145585530 166467860 166467862 951200509 1105530297 1105530298 1424600333
S01624_S01830,S01624,S01830,ok,8,4,1948.8,2153.1,2065.3,0.9436,200.0,0.0,180,67,39.0,S1|S12,236827622 236827624
S01630_S01032,S01630,S01032,ok,6,2,3118.9,3172.8,2912.1,1.071,,14.0,240,89,46.8,R31|S19|S9,4718913 46742949 46742950 46742951 46742952 46742953 46742954 46742955 46742956 46742965 178127289 178128720 1078524147 1078524153 1346896425
S01630_S01059,S01630,S01059,ok,10,2,14263.9,14353.5,14069.5,1.0138,137.2,0.0,780,22,65.8,R31,178123267 178126198 182408553 186334322 984063336 1169249344 1169249349 1346025683 1458528769 1458528775 1458528776 1458528787 1458528788 1458528798 1458528799 1458774452 1458774454 1458774501 1458774502
S01630_S01064,S01630,S01064,ok,2,2,1712.2,1712.2,1796.3,0.9532,119.4,0.0,180,65,34.2,R31|S19|S9,984063336 1346025683 1458528798 1458528799
S01632_S01022,S01632,S01022,ok,6,2,2294.9,2375.0,2277.9,1.0074,62.0,0.0,180,87,45.9,R31|S19|S9,46743070 46743086 46743087 46743121 333495234 333495236 333495293 333495294 1188280517 1191852338 1346896416
S01632_S01492,S01632,S01492,ok,6,2,3427.8,3441.0,2678.2,1.2799,,1.6,480,34,25.7,S9,112916433 119086620 141197445 141198787 141198789 343195802 343195814 1046524308 1346896414
S01632_S01820,S01632,S01820,ok,6,2,2935.3,2957.3,2398.2,1.224,60.0,0.0,420,55,25.2,R31|S19,116963516 141197790 145039989 145040004 943868029 1034168509 1034168511 1346896415
S01633_S01492,S01633,S01492,ok,4,2,1279.7,1314.9,1097.0,1.1666,61.8,0.0,180,70,25.6,S5|S6,112895439 184899271 343195821 900177654 900177655 951200512 1034168516 1038003727 1046524305
S01633_S01650,S01633,S01650,ok,4,2,1222.8,1247.8,1105.0,1.1066,48.9,0.0,120,204,36.7,S1|S12|S13|S2|S5|S6,184899267 951200512 951200519 951200520 984069657
S01633_S01820,S01633,S01820,ok,4,2,3775.5,3782.8,3093.7,1.2204,60.0,0.0,420,132,32.4,S1|S12|S13|S2,114709317 114709319 115051530 115051531 115051536 115056218 116963520 116967097 117007480 145039987 145040005 172537481 172537484 184899276 385365947 1034168510 1034168512 1038003728 1040231835
S01639_S01640,S01639,S01640,ok,4,4,1343.0,1346.9,1346.5,0.9974,,10.1,120,87,40.3,S11|S5|S6,139244686 140680485 396528079 404387405 552890902 759378733 759378734 1053962467
S01639_S01643,S01639,S01643,ok,6,2,1997.8,2252.7,2084.6,0.9583,60.0,0.0,180,70,40.0,S5|S6,139244480 140261162 195207353 1014615155
S01639_S01645,S01639,S01645,ok,6,2,3490.3,3744.0,3509.2,0.9946,,26.2,420,32,29.9,R6|RE2|S11|S5|S6,139097142 139244684 169472336 169472342 174466731 174630302 177045702 177045705 181245932 199570610 200501459 645405727 645405734 1251771300 1251771304
S01639_S01701,S01639,S01701,ok,6,2,8695.6,9727.1,6966.2,1.2483,81.8,0.0,540,13,58.0,R6|RE2,52708665 114709331 139244265 139244689 139244979 139245395 139245401 139245569 139245570 139245742 139245743 139246904 139246906 139246907 139247216 149429166 149429170 149429193 149429215 161843546 161843549 161843551 161843565 172892540 174314171 174314175 174314176 174314179 174314186 224531333 263034829 297186756 297186757 298825108 337798127 396528061 396528080 435246242 435246250 435249685 435249687 435252811 435252812 435253483 435253484 645405729 759378723 1156079442 1171257832 1205152413 1319633895 1319633901 1540138356
S01640_S01039,S01640,S01039,ok,6,6,4036.0,4036.4,4022.5,1.0034,,33.8,240,86,60.5,S11|S5|S6,140604927 140607251 140679776 140680487 337798107 337798119 984085253 1055336442 1055336444 1055702187 1084316009 1084316010 1084316019
S01640_S01639,S01640,S01639,ok,4,4,1343.0,1346.9,1346.5,0.9974,,10.1,120,89,40.3,S11|S5|S6,139244686 140680485 396528079 404387405 552890902 759378733 759378734 1053962467
S01642_S01067,S01642,S01067,ok,11,4,2386.5,2542.3,2421.2,0.9857,,5.9,180,241,47.7,R16|R17|R22|R27|RE1|RE54|RE7|S3|S4,139099942 139099947 139130674 139130691 139131964 139137575 139137597 139137606 139137616 139137621 139137630 139158188 139244340 162456468 457732473 457732478 457732482 951200565 984915883 1064333552
S01642_S01069,S01642,S01069,ok,8,4,2069.2,2132.7,2131.1,0.9709,97.7,0.0,120,68,62.1,S1|S3,139099946 139246491 951200561 951200577 1042634336 1291762420
S01642_S01071,S01642,S01071,ok,4,4,5294.7,5295.3,5290.1,1.0009,119.8,0.0,360,24,52.9,S13,139098167 139099946 139246491 931817638 931817645 941476751 951200561 951200573 951200577 1042634336 1291762420
S01642_S01078,S01642,S01078,ok,10,3,2139.1,2201.8,2088.5,1.0242,60.0,0.0,120,95,64.2,R16|S2|S4,139089334 139245152 939818128 951200545 1096397921
S01642_S01643,S01642,S01643,ok,22,2,1605.9,1878.2,1524.5,1.0534,60.0,0.0,240,132,24.1,S1|S12|S13|S2,139135166 140770713 145041366 195207351 195207353 195207356 229010020 229018043 229018413
S01642_S01645,S01642,S01645,ok,7,2,3158.1,3743.6,3034.7,1.0407,,30.4,360,40,31.6,RE51,139090227 139099946 139137594 139137604 140261163 140775600 169472336 174466731 174630302 177045702 177045704 177045705 199570610 200501459 951200563 1251771300 1251771304
S01642_S01933,S01642,S01933,ok,8,4,16969.0,17272.4,16922.5,1.0027,128.8,0.0,720,177,84.8,R17|R22|R27|RE1|RE51|RE54|RE7,23493197 139098167 139099946 139246491 144416357 172763878 197386935 197386941 197386942 197386959 583524328 583524330 900528147 907147492 931817638 931817645 941476751 951200561 951200573 951200577 951200584 951200588 951200592 951200600 951200601 951200602 951200607 951200616 951200627 951200631 984915891 1023978136 1023978137 1023978699 1042634336 1059608663 1059882128 1065182863 1065182873 1065182874 1291762420
S01643_S01639,S01643,S01639,ok,6,2,1997.8,2252.7,2084.6,0.9583,60.0,0.0,180,71,40.0,S5|S6,139244480 140261162 195207353 1014615155
S01643_S01642,S01643,S01642,ok,22,2,1605.9,1878.2,1524.5,1.0534,60.0,0.0,360,133,16.1,S1|S12|S13|S2,139135166 140770713 145041366 195207351 195207353 195207356 229010020 229018043 229018413
S01643_S01647,S01643,S01647,ok,8,2,1544.7,1593.2,1536.2,1.0055,60.0,0.0,120,202,46.3,S1|S12|S13|S2|S5|S6,220057737 764347136 951200535 951200536
S01645_S01039,S01645,S01039,ok,6,6,8912.8,8913.2,8839.7,1.0083,,27.8,480,33,66.8,R21|R23|RE5,139243948 139243951 139244683 140604927 140607251 140679776 140680487 163088880 174466731 177045702 180677170 199570610 200501459 200501474 200501477 337798107 337798119 396528078 396528079 645405737 717895284 836162040 984085253 1053962464 1055336442 1055336444 1055702187 1084316009 1084316010 1084316019 1137968760 1251771302 1251771306
S01645_S01326,S01645,S01326,ok,18,2,3832.0,4023.2,3787.6,1.0117,,7.9,360,116,38.3,R14|S11|S7|S8|S9,14347492 112550890 114384240 114384241 114709328 224531361 240292963 243195557 251823032 297186754 333887972 333887975 759253365 759253375 984047057 1134633936
S01645_S01639,S01645,S01639,ok,6,2,3490.3,3744.0,3509.2,0.9946,,26.2,300,29,41.9,R6|RE2|S11|S6,139097142 139244684 169472336 169472342 174466731 174630302 177045702 177045705 181245932 199570610 200501459 645405727 645405734 1251771300 1251771304
S01645_S01642,S01645,S01642,ok,7,2,3158.1,3743.6,3034.7,1.0407,,30.4,360,38,31.6,RE51,139090227 139099946 139137594 139137604 140261163 140775600 169472336 174466731 174630302 177045702 177045704 177045705 199570610 200501459 951200563 1251771300 1251771304
S01645_S01700,S01645,S01700,ok,11,2,4811.0,4865.5,1232.8,3.9024,,14.1,660,40,26.2,RE51,23154147 32040535 112482441 114751802 114752642 114795794 114825939 114866916 115040304 174617992 174617997 174630301 224531345 263034826 333887973 333887974 395633810 396528075 759253376 957576222 984047058 1084316016 1150199418
S01645_S01701,S01645,S01701,ok,11,2,5617.0,5671.1,3804.4,1.4764,65.0,0.0,720,15,28.1,R34|R6|RE6,14347492 114702107 174630299 224531361 240292963 263034825 263034829 298825108 333887972 333887975 396528061 435246242 435246250 435249685 435249687 435252811 435252812 435253483 435253484 645405729 759253375 759378723 957576218 984047057 1150199419 1156079442 1171257832 1540138356
S01647_S01643,S01647,S01643,ok,8,2,1544.7,1593.2,1536.2,1.0055,60.0,0.0,120,204,46.3,S1|S12|S13|S2|S5|S6,220057737 764347136 951200535 951200536
S01647_S01648,S01647,S01648,ok,4,2,1002.5,1029.1,995.5,1.007,60.0,0.0,120,202,30.1,S1|S12|S13|S2|S5|S6,220057738 951200533
S01648_S01647,S01648,S01647,ok,4,2,1002.5,1029.1,995.5,1.007,60.0,0.0,120,204,30.1,S1|S12|S13|S2|S5|S6,220057738 951200533
S01648_S01649,S01648,S01649,ok,2,2,816.6,816.7,831.1,0.9826,60.0,0.0,120,202,24.5,S1|S12|S13|S2|S5|S6,951200526 951200530
S01649_S01648,S01649,S01648,ok,2,2,816.6,816.7,831.1,0.9826,60.0,0.0,120,204,24.5,S1|S12|S13|S2|S5|S6,951200526 951200530
S01649_S01650,S01649,S01650,ok,4,2,1249.7,1268.8,1137.3,1.0988,52.8,0.0,120,202,37.5,S1|S12|S13|S2|S5|S6,219989270 951200525 951200531 984069660
S01650_S01633,S01650,S01633,ok,4,2,1222.8,1247.8,1105.0,1.1066,48.9,0.0,120,202,36.7,S1|S12|S13|S2|S5|S6,184899267 951200512 951200519 951200520 984069657
S01650_S01649,S01650,S01649,ok,4,2,1249.7,1268.8,1137.3,1.0988,52.8,0.0,120,204,37.5,S1|S12|S13|S2|S5|S6,219989270 951200525 951200531 984069660
S01700_S01039,S01700,S01039,ok,6,4,12525.7,12526.0,9778.6,1.2809,,16.5,720,13,62.6,RE4,112550203 114751802 114752642 114795794 114825939 114866916 140604927 140607251 140679776 140680487 149429164 149429171 149429173 149429176 149429181 149429184 149429198 149429201 149429225 161843542 161843545 161843554 161843555 161843560 161843561 163826272 163826273 172892541 172893183 172893186 172893188 172893190 172893193 174314174 174314178 174314184 174617992 174617997 224531324 224531326 337798107 337798119 346578717 346578719 347718321 374036747 374036748 374036751 374036752 395633810 396528082 396528086 984085250 984085253 1053962464 1055336442 1055336444 1055702187 1084316009 1084316010 1084316016 1084316019 1150199445 1150199446 1251715103 1319633896 1411931925
S01700_S01322,S01700,S01322,ok,12,4,11831.6,11891.2,11474.1,1.0312,,9.1,540,37,78.9,RE8|RE80,112550890 114384240 114568035 114751802 114795794 114825939 114866916 114891337 161964485 161964488 161972566 174617992 174617997 186334331 186334332 232233423 243195558 244565785 251823025 251823032 266106826 395633809 395633810 395686718 396537975 900960790 984047050 984047054 984047055 984047056 1084316016 1150199441 1150199442 1273096802 1273096812 1273096815
S01700_S01326,S01700,S01326,ok,18,4,3185.8,3344.2,2998.0,1.0626,,28.7,360,1,31.9,S8,112550890 114384240 114751802 114795794 114825939 114866916 114891337 174617992 174617997 251823032 395633809 395633810 395686718 396537975 759253365 984047056 1084316016 1134633936 1150199441 1150199442
S01700_S01645,S01700,S01645,ok,11,2,4811.0,4865.5,1232.8,3.9024,,14.1,540,38,32.1,RE51,23154147 32040535 112482441 114751802 114752642 114795794 114825939 114866916 115040304 174617992 174617997 174630301 224531345 263034826 333887973 333887974 395633810 396528075 759253376 957576222 984047058 1084316016 1150199418
S01700_S01701,S01700,S01701,ok,5,4,3711.1,3768.6,2624.7,1.4139,,33.5,240,60,55.7,R4|RE11|RE13|RE2|RE6,112473847 112655673 114751802 114795794 114825939 114866916 174617992 174617997 329327711 395633809 395633810 395686718 396528061 396528096 435246238 435246254 435249691 435251729 435251730 435252174 435252179 435253491 435253492 645405730 759378723 931534345 933629136 981050149 981050153 1084267739 1084316016 1156079442 1156079461 1168291173 1168291176 1171257832 1251715111
S01701_S01325,S01701,S01325,ok,8,4,7614.9,7616.8,6294.0,1.2099,,3.7,480,3,57.1,RE8,23339367 104365482 104365491 112550887 112581142 114392626 163088866 177521995 186334331 186334332 251823025 251823032 266106827 396528060 396528061 435246245 435246247 435249678 435249679 435252808 435252815 435253476 435253477 759378723 984047055 984085240 1064205509 1148268140 1156079442 1171257832
S01701_S01326,S01701,S01326,ok,18,2,3839.1,3957.8,3593.4,1.0684,,3.1,360,66,38.4,R38|R4|RE13|S9,23339367 104365482 104365491 112581142 163088866 251823030 396528060 396528061 435246245 435246247 435249678 435249679 435252808 435252815 435253476 435253477 759378723 984085240 1064205509 1086918444 1086918451 1134633936 1148268140 1156079442 1171257832
S01701_S01492,S01701,S01492,ok,8,4,2369.3,2522.9,2405.5,0.9849,,6.6,240,56,35.5,R38|RE13|RE8|S9,112735920 112735930 114709311 132264770 343195806 435398902 435398905 973727543 973727545 1023977336 1023977340 1540138351 1540138357 1540138359 1540138361
S01701_S01639,S01701,S01639,ok,6,2,8695.6,9727.1,6966.2,1.2483,81.8,0.0,540,13,58.0,R6|RE2,52708665 114709331 139244265 139244689 139244979 139245395 139245401 139245569 139245570 139245742 139245743 139246904 139246906 139246907 139247216 149429166 149429170 149429193 149429215 161843546 161843549 161843551 161843565 172892540 174314171 174314175 174314176 174314179 174314186 224531333 263034829 297186756 297186757 298825108 337798127 396528061 396528080 435246242 435246250 435249685 435249687 435252811 435252812 435253483 435253484 645405729 759378723 1156079442 1171257832 1205152413 1319633895 1319633901 1540138356
S01701_S01640,S01701,S01640,ok,18,4,9060.0,9146.4,8296.1,1.0921,,1.6,660,2,49.4,R38|R6,102360460 114709331 149429164 149429171 149429173 149429176 149429181 149429184 149429198 149429201 149429225 161843546 161843549 161843551 161843565 172892540 172893183 172893186 172893188 172893190 172893193 174314174 174314178 174314184 174314186 224531333 263034829 297186756 297186757 298825108 337798108 337798127 346578717 346578719 396528061 396528080 396528082 435246242 435246250 435249685 435249687 435252811 435252812 435253483 435253484 645405729 759378723 984085253 1053962464 1156079442 1171257832 1319633896 1319633905 1540138356
S01701_S01645,S01701,S01645,ok,11,2,5617.0,5671.1,3804.4,1.4764,65.0,0.0,960,19,21.1,R34|R6|RE6|S9,14347492 114702107 174630299 224531361 240292963 263034825 263034829 298825108 333887972 333887975 396528061 435246242 435246250 435249685 435249687 435252811 435252812 435253483 435253484 645405729 759253375 759378723 957576218 984047057 1150199419 1156079442 1171257832 1540138356
S01701_S01700,S01701,S01700,ok,5,4,3711.1,3768.6,2624.7,1.4139,,33.5,300,58,44.5,RE11|RE13|RE2|RE6,112473847 112655673 114751802 114795794 114825939 114866916 174617992 174617997 329327711 395633809 395633810 395686718 396528061 396528096 435246238 435246254 435249691 435251729 435251730 435252174 435252179 435253491 435253492 645405730 759378723 931534345 933629136 981050149 981050153 1084267739 1084316016 1156079442 1156079461 1168291173 1168291176 1171257832 1251715111
S01701_S01703,S01701,S01703,ok,18,2,8494.0,8947.3,7227.9,1.1752,,40.6,360,61,84.9,R4|RE2|RE6,114709311 181495375 399229365 436632394 436632399 472248082 973727543 981332916 981332919 1046865122 1046865143 1046865144 1185513380 1185513381 1540138353
S01701_S01708,S01701,S01708,ok,18,2,29055.8,29509.1,27631.0,1.0516,,20.4,1020,10,102.5,R4|R6|RE6,114709311 181495375 201949850 201949855 201953152 202077429 202077430 202077431 202077432 202077433 202077439 202077441 202077442 244523545 246432423 246471066 274038893 387307038 399229363 399229365 436632394 436632399 465940662 472248082 931534400 931534417 973727543 973727546 973727547 981332916 981332919 981332923 981332934 1046865122 1046865143 1046865144 1051256768 1051256782 1051256800 1051256801 1174803047 1185513380 1185513381 1212518252 1212518261 1252325739 1252629932 1252629933 1540138353
S01701_S01820,S01701,S01820,ok,18,4,5706.4,5805.3,5687.3,1.0034,,2.0,240,33,85.6,R34|RE11|RE13,65215198 112735930 114709311 114709326 132264770 343195805 435398903 435398904 904845549 973727543 973727545 1023977335 1023977339 1203134868 1540138351 1540138352 1540138357
S01703_S01600,S01703,S01600,ok,5,2,30138.1,30214.1,26238.2,1.1486,,8.7,1260,18,86.1,RE2,201949850 201949855 201953152 202077429 202077430 202077431 202077432 202077433 202077439 202077441 202077442 244523545 246432422 246432423 325799736 325799739 325800470 325800471 325800491 325800496 325800497 325800500 325801073 325801074 325803786 325803787 325803789 325803792 325803794 325803795 399229363 458718707 458718709 465940662 472248082 598202659 665383671 665383672 931534417 941962262 941962263 973727546 973727547 973727549 973727558 973727560 973727562 973727563 973727574 981332923 981332934 1051256768 1051256800 1051256801 1134655888 1174803047 1212518255 1212518258 1252016561 1252325739 1252629932 1252629933
S01703_S01601,S01703,S01601,ok,6,2,20327.3,20398.7,19966.6,1.0181,,11.7,900,9,81.3,RE2,201949850 201949855 201953152 202077429 202077430 202077431 202077432 202077433 202077439 202077441 202077442 244523545 246432422 246432423 325803794 325803795 399229363 465940662 472248082 931534417 941962262 941962263 973727546 973727547 973727549 973727558 981332923 981332934 1051256768 1051256800 1051256801 1134655888 1174803047 1212518255 1212518258 1252016561 1252325739 1252629932 1252629933
S01703_S01701,S01703,S01701,ok,18,2,8494.0,8947.3,7227.9,1.1752,,40.6,360,62,84.9,R4|RE2|RE6,114709311 181495375 399229365 436632394 436632399 472248082 973727543 981332916 981332919 1046865122 1046865143 1046865144 1185513380 1185513381 1540138353
S01703_S01704,S01703,S01704,ok,4,2,3764.4,3764.6,3763.2,1.0003,,23.1,180,48,75.3,S5|S6,931534414 1049950224 1049950225 1176912759
S01703_S01705,S01703,S01705,ok,4,2,7072.1,7072.3,7156.1,0.9883,,12.3,420,1,60.6,R4,24236918 931534414 1049950224 1049950225 1176912759
S01703_S01708,S01703,S01708,ok,4,2,20561.8,20561.9,20456.2,1.0052,,12.1,780,33,94.9,R4|RE6,201949850 201949855 201953152 202077429 202077430 202077431 202077432 202077433 202077439 202077441 202077442 244523545 246432423 246471066 274038893 387307038 399229363 465940662 472248082 931534400 931534417 973727546 973727547 981332923 981332934 1051256768 1051256782 1051256800 1051256801 1174803047 1212518252 1212518261 1252325739 1252629932 1252629933
S01703_S01715,S01703,S01715,ok,4,2,2421.2,2422.0,2481.7,0.9756,,92.8,180,71,48.4,S5|S6,114308754 386890853 472248081 931534419 981332913
S01704_S01703,S01704,S01703,ok,4,2,3764.4,3764.6,3763.2,1.0003,,23.1,180,49,75.3,R4|S5|S6,931534414 1049950224 1049950225 1176912759
S01704_S01705,S01704,S01705,ok,4,2,3307.7,3307.8,3393.0,0.9749,180.0,0.0,180,48,66.2,S5|S6,24236918 1049950224
S01705_S01704,S01705,S01704,ok,4,2,3307.7,3307.8,3393.0,0.9749,180.0,0.0,180,49,66.2,R4|S5|S6,24236918 1049950224
S01705_S01707,S01705,S01707,ok,6,2,7550.9,8766.3,7479.7,1.0095,,9.7,480,1,56.6,R4,182748958 182748960 182748969 677380278 981332925 1050287466 1050287467 1050287476 1050287478 1051018592 1051018599 1051018601
S01705_S01722,S01705,S01722,ok,6,2,3056.2,3153.8,3067.7,0.9963,250.0,0.0,180,48,61.1,S5|S6,1174803047 1252325739
S01706_S01707,S01706,S01707,ok,4,2,2473.7,2529.2,2480.4,0.9973,,31.6,180,48,49.5,S5|S6,182748958 182748960 182748969 677380277 981332924 981332925 1051018592 1051018602
S01706_S01722,S01706,S01722,ok,4,2,1869.8,1925.6,1959.7,0.9541,180.0,0.0,120,49,56.1,R4|S5|S6,677380278 1051018599
S01707_S01706,S01707,S01706,ok,4,2,2473.7,2529.2,2480.4,0.9973,,31.6,180,49,49.5,R4|S5|S6,182748958 182748960 182748969 677380277 981332924 981332925 1051018592 1051018602
S01707_S01708,S01707,S01708,ok,11,2,5880.6,6295.9,5908.6,0.9953,120.4,0.0,420,49,50.4,R4|S5|S6,30020641 30020642 44091116 44091121 44091122 44091123 202078913 202078922 202078924 246471069 246473594 396528074 931534401 973727533 973727534 981332927 981332931 1051256784 1212518254 1212518259 1252016560 1252016561
S01708_S01601,S01708,S01601,ok,6,,1294.7,1366.1,945.3,1.3696,,37.0,240,18,19.4,R2,246466943 246471073 325803794 387307018 598202658 931534403 941962262 941962263 973727558
S01708_S01602,S01708,S01602,ok,5,1,5021.0,5089.1,4690.8,1.0704,,8.2,300,17,60.3,R6,38287009 386853667 387307048 396528072 596486876 598202654 598202656 600339828 659502290 659502291 659502292 659502293 931534406 983664535 983664536 1022120826 1212514311 1212514312
S01708_S01605,S01708,S01605,ok,5,1,21665.1,21724.0,18478.6,1.1724,,5.4,960,1,81.2,R6,38287005 38287009 386853667 387307048 396528072 525459488 525459489 525461283 596486876 598202654 598202656 600339828 659502290 659502291 659502292 659502293 689452043 931534406 983664535 983664536 1016577813 1016577823 1022120776 1022120811 1022120817 1022120819 1022120820 1022120821 1022120822 1022120823 1022120826 1212514311 1212514312
S01708_S01701,S01708,S01701,ok,18,2,29055.8,29509.1,27631.0,1.0516,,20.4,1080,10,96.9,R6|RE6,114709311 181495375 201949850 201949855 201953152 202077429 202077430 202077431 202077432 202077433 202077439 202077441 202077442 244523545 246432423 246471066 274038893 387307038 399229363 399229365 436632394 436632399 465940662 472248082 931534400 931534417 973727543 973727546 973727547 981332916 981332919 981332923 981332934 1046865122 1046865143 1046865144 1051256768 1051256782 1051256800 1051256801 1174803047 1185513380 1185513381 1212518252 1212518261 1252325739 1252629932 1252629933 1540138353
S01708_S01703,S01708,S01703,ok,4,2,20561.8,20561.9,20456.2,1.0052,,12.1,720,34,102.8,R4|RE6,201949850 201949855 201953152 202077429 202077430 202077431 202077432 202077433 202077439 202077441 202077442 244523545 246432423 246471066 274038893 387307038 399229363 465940662 472248082 931534400 931534417 973727546 973727547 981332923 981332934 1051256768 1051256782 1051256800 1051256801 1174803047 1212518252 1212518261 1252325739 1252629932 1252629933
S01708_S01707,S01708,S01707,ok,11,2,5880.6,6295.9,5908.6,0.9953,120.4,0.0,300,49,70.6,R4|S5|S6,30020641 30020642 44091116 44091121 44091122 44091123 202078913 202078922 202078924 246471069 246473594 396528074 931534401 973727533 973727534 981332927 981332931 1051256784 1212518254 1212518259 1252016560 1252016561
S01708_S01709,S01708,S01709,ok,16,2,3952.1,4122.1,4031.7,0.9803,,8.3,180,17,79.0,R4,38287009 275498580 387307048 396528072 598202654 598202656 625789722 931534406 1212516999 1212517000
S01708_S01711,S01708,S01711,ok,16,2,12870.5,13040.5,12878.6,0.9994,,2.6,480,20,96.5,RE6,38287009 54677323 71196156 71196160 387307048 396528072 598202654 598202656 625789722 931534391 931534392 931534406 1005812467 1005812469 1086918459 1086918460 1212516999 1212517000 1212518613 1212518614
S01708_S09999,S01708,S09999,ok,16,2,49504.6,49674.7,48678.3,1.017,,1.4,2220,1,80.3,RE6,38287009 54677323 71196156 71196160 89477290 94722236 94722253 94722255 94722273 94722276 94795604 94815433 94815434 94815435 94937241 94937266 94961319 107326177 177479692 177479694 179161421 179161424 192752821 275503381 275503383 275505946 275505964 275509875 275509877 275509879 275509881 275509883 275509884 275509888 275509889 275509890 275509892 275514127 275515442 275523405 281601154 281601156 281601157 281601160 288491271 288491272 288491273 292489961 292489963 292792370 292792372 349503805 349503808 349503812 349503822 351704545 351704550 387307048 389671800 389671806 396528072 397350530 397350533 555418127 555418128 598202654 598202656 625789722 712089279 927791016 927791033 927791048 927791055 931534387 931534388 931534389 931534390 931534392 931534393 931534406 981332939 981332941 1005812467 1005812469 1021438072 1021438074 1086918454 1086918455 1086918459 1086918460 1134017153 1212516999 1212517000 1212518613 1212518614
S01709_S01708,S01709,S01708,ok,16,2,3952.1,4122.1,4031.7,0.9803,,8.3,240,16,59.3,R4,38287009 275498580 387307048 396528072 598202654 598202656 625789722 931534406 1212516999 1212517000
S01709_S01710,S01709,S01710,ok,3,2,4852.6,4921.4,4919.7,0.9864,160.0,0.0,180,17,97.1,R4,625789722 1005812467 1005812469 1212518613 1212518614
S01710_S01709,S01710,S01709,ok,3,2,4852.6,4921.4,4919.7,0.9864,160.0,0.0,240,16,72.8,R4,625789722 1005812467 1005812469 1212518613 1212518614
S01710_S01711,S01710,S01711,ok,6,2,3853.6,3997.3,3928.4,0.981,160.0,0.0,180,17,77.1,R4,54677323 71196156 71196160 931534391 931534392 1086918460
S01711_S01708,S01711,S01708,ok,16,2,12870.5,13040.5,12878.6,0.9994,,2.6,540,20,85.8,RE6,38287009 54677323 71196156 71196160 387307048 396528072 598202654 598202656 625789722 931534391 931534392 931534406 1005812467 1005812469 1086918459 1086918460 1212516999 1212517000 1212518613 1212518614
S01711_S01710,S01711,S01710,ok,6,2,3853.6,3997.3,3928.4,0.981,160.0,0.0,180,16,77.1,R4,54677323 71196156 71196160 931534391 931534392 1086918460
S01711_S01712,S01711,S01712,ok,6,2,6970.1,7047.1,7073.8,0.9853,,0.6,300,17,83.6,R4,275503381 275503386 275503387 275505946 275505964 1086918454
S01711_S01713,S01711,S01713,ok,6,2,13611.0,13688.0,13594.9,1.0012,,0.3,480,19,102.1,RE6,275503381 275503386 275503387 275505946 275505964 275509875 275509877 275509879 275509881 275509883 275509884 275509888 275509889 275509890 275509892 931534388 1086918454 1086918455
S01711_S01714,S01711,S01714,ok,6,2,19574.9,19651.9,19544.4,1.0016,,0.6,720,1,97.9,RE6,54746442 62357093 94946936 94946950 275503381 275503386 275503387 275505946 275505964 275509875 275509877 275509879 275509881 275509883 275509884 275509888 275509889 275509890 275509892 275515440 396528062 931534388 931534389 981332942 1086918454 1086918455
S01712_S01711,S01712,S01711,ok,6,2,6970.1,7047.1,7073.8,0.9853,,0.6,300,16,83.6,R4,275503381 275503386 275503387 275505946 275505964 1086918454
S01712_S01713,S01712,S01713,ok,4,2,6585.0,6641.4,6522.0,1.0097,160.0,0.0,240,17,98.8,R4,275509875 275509877 275509879 275509881 275509883 275509884 275509888 275509889 275509890 275509892 931534388 1086918455
S01713_S01711,S01713,S01711,ok,6,2,13611.0,13688.0,13594.9,1.0012,,0.3,480,20,102.1,RE6,275503381 275503386 275503387 275505946 275505964 275509875 275509877 275509879 275509881 275509883 275509884 275509888 275509889 275509890 275509892 931534388 1086918454 1086918455
S01713_S01712,S01713,S01712,ok,4,2,6585.0,6641.4,6522.0,1.0097,160.0,0.0,300,16,79.0,R4,275509875 275509877 275509879 275509881 275509883 275509884 275509888 275509889 275509890 275509892 931534388 1086918455
S01713_S01714,S01713,S01714,ok,3,2,5890.4,5983.2,5971.9,0.9864,,1.3,240,36,88.4,R4|RE6,54746442 62357093 94946936 94946950 275515440 396528062 931534389 981332942
S01714_S01540,S01714,S01540,ok,5,1,1951.8,2008.2,2047.3,0.9534,,0.0,180,19,39.0,R1|R5,54746442 94946950 192752799 900161315 900161316
S01714_S01708,S01714,S01708,ok,19,2,32522.1,33965.5,32387.1,1.0042,,1.4,1380,1,84.8,RE6,38287009 54677323 54746442 62357093 71196156 71196160 94946936 94946950 275503381 275503383 275505946 275505964 275509875 275509877 275509879 275509881 275509883 275509884 275509888 275509889 275509890 275509892 275515440 387307048 396528062 396528072 598202654 598202656 625789722 931534388 931534389 931534390 931534392 931534393 931534406 981332942 1005812467 1005812469 1086918454 1086918455 1086918459 1086918460 1212516999 1212517000 1212518613 1212518614
S01714_S01713,S01714,S01713,ok,3,2,5890.4,5983.2,5971.9,0.9864,,1.3,240,35,88.4,R4|RE6,54746442 62357093 94946936 94946950 275515440 396528062 931534389 981332942
S01714_S01716,S01714,S01716,ok,19,2,5682.7,6352.7,5749.7,0.9883,,7.5,240,31,85.2,R1|R4,89477290 107326177 281601154 281601156 281601157 281601160 288491271 288491273 900165601 927791001 927791017 927791018 927791053 981332939
S01714_S09999,S01714,S09999,ok,19,2,16861.6,17531.5,16652.2,1.0126,,4.1,660,26,92.0,R1|R4|R5|RE6,89477290 94722236 94722253 94722255 94722273 94722276 94795604 94815433 94815434 94815435 94937241 94961319 107326177 177479692 177479694 179161421 179161424 281601154 281601156 281601157 281601160 288491271 288491273 292489961 292489963 292792370 292792372 349503805 349503808 349503812 349503822 351704545 351704550 389671800 389671806 397350530 397350533 555418127 555418128 712089279 900165601 927791001 927791017 927791018 927791033 927791048 927791053 981332939 1021438072 1021438074 1134017153
S01715_S01492,S01715,S01492,ok,10,2,5506.8,6111.2,5188.2,1.0614,,15.6,300,71,66.1,S5|S6,112800932 112854672 112854676 112854679 113369931 114219154 386890853 984085246 1026476232 1046524303 1046865153 1046865154 1185513377
S01715_S01703,S01715,S01703,ok,4,2,2421.2,2422.0,2481.7,0.9756,,92.8,180,70,48.4,S5|S6,114308754 386890853 472248081 931534419 981332913
S01716_S01714,S01716,S01714,ok,19,2,5682.7,6352.7,5749.7,0.9883,,7.5,240,33,85.2,R1|R4|R5,89477290 107326177 281601154 281601156 281601157 281601160 288491271 288491273 900165601 927791001 927791017 927791018 927791053 981332939
S01716_S09999,S01716,S09999,ok,5,2,11030.9,11178.8,10902.9,1.0117,,2.0,480,31,82.7,R1|R4,94722236 94722253 94722255 94722273 94722276 94795604 94815433 94815434 94815435 94961319 177479692 177479694 179161421 179161424 292489961 292489963 292792370 292792372 349503805 349503808 349503812 349503822 351704545 351704550 389671800 389671806 397350530 397350533 555418127 555418128 712089279 927791033 1021438072 1021438074 1134017153
S01722_S01705,S01722,S01705,ok,6,2,3056.2,3153.8,3067.7,0.9963,250.0,0.0,180,49,61.1,R4|S5|S6,1174803047 1252325739
S01722_S01706,S01722,S01706,ok,4,2,1869.8,1925.6,1959.7,0.9541,180.0,0.0,120,48,56.1,S5|S6,677380278 1051018599
S01724_S01725,S01724,S01725,ok,4,2,2518.3,2527.5,2527.0,0.9966,90.0,0.0,180,31,50.4,R22,403340960 955274449 955274457
S01724_S01933,S01724,S01933,ok,4,2,3153.1,3162.4,3206.8,0.9833,90.0,0.0,300,31,37.8,R22,229062037 372123741 403340959 911389025 955274453 955319030 955319031
S01725_S01724,S01725,S01724,ok,4,2,2518.3,2527.5,2527.0,0.9966,90.0,0.0,180,31,50.4,R22,403340960 955274449 955274457
S01725_S01726,S01725,S01726,ok,2,2,2484.1,2485.5,2557.8,0.9712,90.0,0.0,180,31,49.7,R22,285813638 403340961 955274448 955274451
S01726_S01725,S01726,S01725,ok,2,2,2484.1,2485.5,2557.8,0.9712,90.0,0.0,180,31,49.7,R22,285813638 403340961 955274448 955274451
S01726_S01727,S01726,S01727,ok,5,2,1949.2,2048.6,2006.8,0.9713,,12.1,120,31,58.5,R22,229773364 229773368 954590378 955274445 955284526
S01727_S01726,S01727,S01726,ok,5,2,1949.2,2048.6,2006.8,0.9713,,12.1,120,31,58.5,R22,229773364 229773368 954590378 955274445 955284526
S01727_S01728,S01727,S01728,ok,4,2,1886.5,1928.9,1884.3,1.0012,90.0,0.0,120,31,56.6,R22,285813645 955274438 955274442 1538506494
S01728_S01727,S01728,S01727,ok,4,2,1886.5,1928.9,1884.3,1.0012,90.0,0.0,120,31,56.6,R22,285813645 955274438 955274442 1538506494
S01728_S01729,S01728,S01729,ok,4,2,1255.3,1349.7,1315.2,0.9544,,15.4,120,31,37.7,R22,175795811 175795814 955274431 955274441
S01729_S01728,S01729,S01728,ok,4,2,1255.3,1349.7,1315.2,0.9544,,15.4,120,31,37.7,R22,175795811 175795814 955274431 955274441
S01729_S01734,S01729,S01734,ok,8,2,3151.9,3317.4,3071.2,1.0263,,0.0,180,31,63.0,R22,229776170 229776171 229879474 613852536 771652857 955274434
S01729_S01737,S01729,S01737,ok,8,2,10269.5,10372.4,9708.8,1.0577,,1.9,660,15,56.0,RE1,23188129 46157514 140595440 140595441 175795809 229776169 229776172 230550065 613852513 613852529 955274404 955274416 955274418 955274420 955274421 955274426 955274427 955274435 985283867
S01729_S01933,S01729,S01933,ok,8,2,13466.5,13569.0,13491.8,0.9981,,1.4,780,16,62.2,RE1,175795811 175795814 285813600 372123789 403340960 403340962 870324959 911389024 954590378 955274431 955274440 955274441 955274443 955274445 955274446 955274449 955274450 955274454 955274457 955282073 955284526 955319028 955319029
S01734_S01729,S01734,S01729,ok,8,2,3151.9,3317.4,3071.2,1.0263,,0.0,180,31,63.0,R22,229776170 229776171 229879474 613852536 771652857 955274434
S01734_S01735,S01734,S01735,ok,4,2,2362.4,2434.9,2396.0,0.986,90.0,0.0,120,31,70.9,R22,613852529 955274421 955274426 955274427
S01735_S01734,S01735,S01734,ok,4,2,2362.4,2434.9,2396.0,0.986,90.0,0.0,180,31,47.2,R22,613852529 955274421 955274426 955274427
S01735_S01736,S01735,S01736,ok,5,2,2052.5,2127.1,2154.5,0.9527,,8.6,180,31,41.1,R22,229883006 955274419 985283866
S01736_S01735,S01736,S01735,ok,5,2,2052.5,2127.1,2154.5,0.9527,,8.6,180,31,41.1,R22,229883006 955274419 985283866
S01736_S01737,S01736,S01737,ok,4,2,2499.7,2575.3,2122.8,1.1776,,7.7,120,31,75.0,R22,23188129 46157514 140595440 140595441 230550065 613852513 955274404 955274416 985283867
S01737_S01729,S01737,S01729,ok,8,2,10269.5,10372.4,9708.8,1.0577,,1.9,660,16,56.0,RE1,23188129 46157514 140595440 140595441 175795809 229776169 229776172 230550065 613852513 613852529 955274404 955274416 955274418 955274420 955274421 955274426 955274427 955274435 985283867
S01737_S01736,S01737,S01736,ok,4,2,2499.7,2575.3,2122.8,1.1776,,7.7,180,31,50.0,R22,23188129 46157514 140595440 140595441 230550065 613852513 955274404 955274416 985283867
S01737_S01738,S01737,S01738,ok,5,1,4739.3,4741.0,4333.4,1.0937,,7.7,300,46,56.9,R22|RE1,21303503 22634501 32907823 32907827 124424810 124424811 156314499 156314501 230550065 230550067 534107478 832193813 832193814 900203302 900203303 900203304 900203305 920693487 927375426 927375427 955274341 955274400 955274403 955274408 985283869
S01738_S01737,S01738,S01737,ok,5,1,4739.3,4741.0,4333.4,1.0937,,7.7,300,47,56.9,R22|RE1,21303503 22634501 32907823 32907827 124424810 124424811 156314499 156314501 230550065 230550067 534107478 832193813 832193814 900203302 900203303 900203304 900203305 920693487 927375426 927375427 955274341 955274400 955274403 955274408 985283869
S01738_S01739,S01738,S01739,ok,13,1,2471.0,2703.0,1737.9,1.4218,,14.5,240,22,37.1,R22|RE1,24327531 24327534 46153608 290408515 534107472 840810198 913677029 927375417 927375418 927375419 927375420 955274396
S01739_S01738,S01739,S01738,ok,13,1,2471.0,2703.0,1737.9,1.4218,,14.5,240,21,37.1,R22|RE1,24327531 24327534 46153608 290408515 534107472 840810198 913677029 927375417 927375418 927375419 927375420 955274396
S01739_S01740,S01739,S01740,ok,4,1,3263.1,3301.0,2951.9,1.1054,,1.6,240,20,48.9,R22|RE1,24319985 46153289 46153290 265091821 265091825 320590507 320590508 320743088 320743089 955274391 955274393
S01740_S01739,S01740,S01739,ok,4,1,3263.1,3301.0,2951.9,1.1054,,1.6,240,20,48.9,R22|RE1,24319985 46153289 46153290 265091821 265091825 320590507 320590508 320743088 320743089 955274391 955274393
S01740_S01741,S01740,S01741,ok,2,1,2147.2,2195.2,2236.2,0.9602,,1.8,180,20,42.9,R22|RE1,35207928 266600652 266600653 266600654 266600655 316201383 321447751 321447752 321450237 321450240 534107476 955274392
S01741_S01740,S01741,S01740,ok,2,1,2147.2,2195.2,2236.2,0.9602,,1.8,180,20,42.9,R22|RE1,35207928 266600652 266600653 266600654 266600655 316201383 321447751 321447752 321450237 321450240 534107476 955274392
S01741_S01742,S01741,S01742,ok,6,1,3056.3,3220.5,3056.1,1.0001,67.4,0.0,240,20,45.8,R22|RE1,24327546 24327548 35207929 284287106 284287107 316201385 534107475 660478957 660478960 955274387 955274388 985283870
S01742_S01741,S01742,S01741,ok,6,1,3056.3,3220.5,3056.1,1.0001,67.4,0.0,240,20,45.8,R22|RE1,24327546 24327548 35207929 284287106 284287107 316201385 534107475 660478957 660478960 955274387 955274388 985283870
S01742_S01743,S01742,S01743,ok,2,1,843.4,910.4,893.1,0.9444,66.0,0.0,60,4,50.6,R22|RE1,46492082 46492083 126555827 781269713 955274380 955274381 1533542904 1533542905
S01742_S01744,S01742,S01744,ok,2,1,2473.3,2540.3,2506.9,0.9866,,8.6,240,16,37.1,R22|RE1,46492082 46492083 126555827 266591862 266591864 781269712 781269713 955274373 955274378 955274379 955274380 955274381 1533542904 1533542905
S01743_S01742,S01743,S01742,ok,2,1,843.4,910.4,893.1,0.9444,66.0,0.0,60,4,50.6,RE1,46492082 46492083 126555827 781269713 955274380 955274381 1533542904 1533542905
S01743_S01744,S01743,S01744,ok,2,1,1577.6,1629.9,1617.1,0.9756,,13.5,120,4,47.3,R22|RE1,266591862 266591864 781269712 955274373 955274378 955274379
S01744_S01742,S01744,S01742,ok,2,1,2473.3,2540.3,2506.9,0.9866,,8.6,240,16,37.1,R22|RE1,46492082 46492083 126555827 266591862 266591864 781269712 781269713 955274373 955274378 955274379 955274380 955274381 1533542904 1533542905
S01744_S01743,S01744,S01743,ok,2,1,1577.6,1629.9,1617.1,0.9756,,13.5,120,4,47.3,RE1,266591862 266591864 781269712 955274373 955274378 955274379
S01744_S01745,S01744,S01745,ok,4,1,2376.2,2420.8,2302.7,1.0319,70.0,0.0,120,20,71.3,R22|RE1,126555828 268374693 534107470 955274367 955274368 955274375
S01745_S01744,S01745,S01744,ok,4,1,2376.2,2420.8,2302.7,1.0319,70.0,0.0,120,20,71.3,R22|RE1,126555828 268374693 534107470 955274367 955274368 955274375
S01745_S01746,S01745,S01746,ok,3,1,1656.5,1726.0,1713.5,0.9667,,25.4,120,20,49.7,R22|RE1,45957692 268374692 450062676 534107468 534107469 955274363
S01746_S01745,S01746,S01745,ok,3,1,1656.5,1726.0,1713.5,0.9667,,25.4,120,20,49.7,R22|RE1,45957692 268374692 450062676 534107468 534107469 955274363
S01746_S01747,S01746,S01747,ok,5,1,4233.3,4323.1,4166.5,1.016,62.1,0.0,360,20,42.3,R22|RE1,45957690 98584780 98584805 175928204 236181285 236181286 955274340 985283871
S01747_S01746,S01747,S01746,ok,5,1,4233.3,4323.1,4166.5,1.016,62.1,0.0,360,20,42.3,R22|RE1,45957690 98584780 98584805 175928204 236181285 236181286 955274340 985283871
S01748_S00023,S01748,S00023,ok,21,1,6107.2,6684.8,6049.6,1.0095,,3.5,420,19,52.3,R27,58767269 58767273 58767276 58767296 58767317 58767319 58767331 58767356 58767360 58767364 59452962 190097294 191273369 191273382 542336266 758692403 900917876 908558948 984939486 1056868558 1056868559 1230667896 1230667897 1230675678 1230675679 1241139695 1241139696 1293290426 1425204552 1444290831 1444290832
S01748_S01751,S01748,S01751,ok,3,1,6486.2,6570.7,6411.9,1.0116,91.9,0.0,360,18,64.9,R27,59452955 59452969 59452991 59457637 59457758 59459480 59459492 126242123 126242125 465031272 555284701 555284702 555284704 555284705 660921296 660921297 908558942 908558944 908558945 984939481 984939482 1148013148 1148013149 1148013150 1159873967 1159873968 1159873969 1159873971 1159873972
S01751_S01748,S01751,S01748,ok,3,1,6486.2,6570.7,6411.9,1.0116,91.9,0.0,360,19,64.9,R27,59452955 59452969 59452991 59457637 59457758 59459480 59459492 126242123 126242125 465031272 555284701 555284702 555284704 555284705 660921296 660921297 908558942 908558944 908558945 984939481 984939482 1148013148 1148013149 1148013150 1159873967 1159873968 1159873969 1159873971 1159873972
S01751_S01752,S01751,S01752,ok,2,2,4167.8,4168.0,4054.9,1.0278,98.2,0.0,240,18,62.5,R27,465025232 465034821 465034823 465038764 465038772 465129567 465129569 908558943 908558963 984939479
S01752_S01751,S01752,S01751,ok,2,2,4167.8,4168.0,4054.9,1.0278,98.2,0.0,240,19,62.5,R27,465025232 465034821 465034823 465038764 465038772 465129567 465129569 908558943 908558963 984939479
S01752_S01753,S01752,S01753,ok,2,2,2689.6,2689.6,2689.5,1.0,100.0,0.0,180,18,53.8,R27,465035775 465035776 908558934 908558963 908558965
S01753_S01137,S01753,S01137,ok,12,2,5817.1,5989.3,5874.9,0.9902,104.9,0.0,300,18,69.8,R27,233763499 465017942 465017944 465024212
S01753_S01752,S01753,S01752,ok,2,2,2689.6,2689.6,2689.5,1.0,100.0,0.0,180,19,53.8,R27,465035775 465035776 908558934 908558963 908558965
S01755_S01756,S01755,S01756,ok,2,2,1579.0,1580.1,1570.2,1.0056,90.0,0.0,120,34,47.4,R17,1023978853
S01755_S01933,S01755,S01933,ok,2,2,3537.9,3541.2,2955.2,1.1972,,0.8,240,33,53.1,R17,229062033 319228552 1023978851 1023978853 1467088650
S01756_S01755,S01756,S01755,ok,2,2,1579.0,1580.1,1570.2,1.0056,90.0,0.0,60,33,94.7,R17,1023978853
S01756_S01757,S01756,S01757,ok,2,2,3769.3,3770.3,3674.0,1.0259,87.9,0.0,180,34,75.4,R17,379084841 984966331 1023979722
S01757_S01756,S01757,S01756,ok,2,2,3769.3,3770.3,3674.0,1.0259,87.9,0.0,240,33,56.5,R17,379084841 984966331 1023979722
S01757_S01758,S01757,S01758,ok,2,2,1446.2,1447.5,1416.0,1.0213,90.0,0.0,120,34,43.4,R17,1023978853
S01757_S01762,S01757,S01762,ok,2,2,9810.2,9815.4,9328.0,1.0517,83.1,0.0,540,1,65.4,RE7,315120859 401978631 907147539 907147541 984966327 984966329 1023978853 1430695769
S01757_S01933,S01757,S01933,ok,2,2,8887.2,8890.6,8168.8,1.0879,,0.3,600,2,53.3,RE7,229062033 319228552 1023978851 1023978853 1467088650
S01758_S01757,S01758,S01757,ok,2,2,1446.2,1447.5,1416.0,1.0213,90.0,0.0,120,33,43.4,R17,1023978853
S01758_S01759,S01758,S01759,ok,3,2,2184.6,2197.8,2079.7,1.0504,,4.5,120,34,65.5,R17,34069180 78542400 192151723 907147550 907147552 907147561
S01759_S01758,S01759,S01758,ok,3,2,2184.6,2197.8,2079.7,1.0504,,4.5,180,33,43.7,R17,34069180 78542400 192151723 907147550 907147552 907147561
S01759_S01760,S01759,S01760,ok,3,2,2051.0,2098.9,1927.5,1.0641,75.0,0.0,180,34,41.0,R17,907147545 907147547
S01760_S01759,S01760,S01759,ok,3,2,2051.0,2098.9,1927.5,1.0641,75.0,0.0,180,33,41.0,R17,907147545 907147547
S01760_S01761,S01760,S01761,ok,4,2,1416.7,1469.8,1431.1,0.9899,,3.1,120,34,42.5,R17,401986520 907147540 984966330
S01761_S01760,S01761,S01760,ok,4,2,1416.7,1469.8,1431.1,0.9899,,3.1,120,33,42.5,R17,401986520 907147540 984966330
S01761_S01762,S01761,S01762,ok,4,2,2587.2,2614.9,2499.8,1.035,83.0,0.0,180,34,51.7,R17,315120859 907147539 984966327
S01762_S01757,S01762,S01757,ok,2,2,9810.2,9815.4,9328.0,1.0517,83.1,0.0,540,2,65.4,RE7,315120859 401978631 907147539 907147541 984966327 984966329 1023978853 1430695769
S01762_S01761,S01762,S01761,ok,4,2,2587.2,2614.9,2499.8,1.035,83.0,0.0,180,33,51.7,R17,315120859 907147539 984966327
S01762_S01763,S01762,S01763,ok,8,2,1864.8,1960.1,1872.0,0.9961,,9.7,180,35,37.3,R17|RE7,315121876 315121879 541174744
S01763_S01762,S01763,S01762,ok,8,2,1864.8,1960.1,1872.0,0.9961,,9.7,180,35,37.3,R17|RE7,315121876 315121879 541174744
S01763_S01764,S01763,S01764,ok,9,1,2891.6,3048.6,2427.4,1.1912,,6.8,240,35,43.4,R17|RE7,4816700 31721972 31721974 31721975 31735472 89668171 89668173 89668205 174480667 174480668 315118579 315120860 315120861 315120862 368471034 368471064 368471065 907147518 907147525 984966326
S01764_S01763,S01764,S01763,ok,9,1,2891.6,3048.6,2427.4,1.1912,,6.8,240,35,43.4,R17|RE7,4816700 31721972 31721974 31721975 31735472 89668171 89668173 89668205 174480667 174480668 315118579 315120860 315120861 315120862 368471034 368471064 368471065 907147518 907147525 984966326
S01764_S01765,S01764,S01765,ok,4,1,1032.4,1100.6,1153.4,0.8951,,95.4,240,35,15.5,R17|RE7,192151733 192151754 224852892 907147496 907147497
S01765_S01764,S01765,S01764,ok,4,1,1032.4,1100.6,1153.4,0.8951,,95.4,180,35,20.6,R17|RE7,192151733 192151754 224852892 907147496 907147497
S01766_S01002,S01766,S01002,ok,8,1,2491.5,2602.6,2267.3,1.0989,61.6,0.0,300,8,29.9,R3,30645819 41131372 41131373 166961859 166961860 1185919653 1185919654 1454681420
S01766_S01767,S01766,S01767,ok,1,1,5911.2,5911.2,5632.3,1.0495,64.0,0.0,420,7,50.7,R3,29341533 41131372 299485770 299485771 370088395 370088396 467205697 984898923 986994311 986994312 1246293230 1246293231
S01767_S01002,S01767,S01002,ok,8,1,8402.7,8513.7,6551.0,1.2827,63.2,0.0,660,6,45.8,RE3,29341533 30645819 41131372 41131373 166961859 166961860 299485770 299485771 370088395 370088396 467205697 984898923 986994311 986994312 1185919653 1185919654 1246293230 1246293231 1454681420
S01767_S01766,S01767,S01766,ok,1,1,5911.2,5911.2,5632.3,1.0495,64.0,0.0,420,8,50.7,R3,29341533 41131372 299485770 299485771 370088395 370088396 467205697 984898923 986994311 986994312 1246293230 1246293231
S01767_S01769,S01767,S01769,ok,4,1,7419.2,7496.3,5751.2,1.29,,0.0,540,14,49.5,R3|RE3,28423264 28423265 28423266 28632996 28633071 28633086 33815343 33815344 33815345 33815346 66509121 66509125 467205697 467205698 482681018 482681029 482726334 482726337 984898921 984898922 1246293222 1246293223 1246293224 1246293225 1421029730
S01769_S01767,S01769,S01767,ok,4,1,7419.2,7496.3,5751.2,1.29,,0.0,600,14,44.5,R3|RE3,28423264 28423265 28423266 28632996 28633071 28633086 33815343 33815344 33815345 33815346 66509121 66509125 467205697 467205698 482681018 482681029 482726334 482726337 984898921 984898922 1246293222 1246293223 1246293224 1246293225 1421029730
S01769_S01771,S01769,S01771,ok,3,1,4715.8,4718.7,4617.7,1.0212,,4.0,240,14,70.7,R3|RE3,29343395 29343396 66500905 66500906 205025849 205025850 315563227 315563228 370160736 789237296 984898918 984898920
S01771_S01005,S01771,S01005,ok,7,1,9786.1,9914.0,8602.9,1.1375,,0.7,540,7,65.2,RE3,235632824 235632825 301151610 301151611 301953370 301953371 301953372 301953373 650677051 984898917 1156573065 1156573066 1246293220 1246293221 1339509758 1454677275 1454677278
S01771_S01769,S01771,S01769,ok,3,1,4715.8,4718.7,4617.7,1.0212,,4.0,240,14,70.7,R3|RE3,29343395 29343396 66500905 66500906 205025849 205025850 315563227 315563228 370160736 789237296 984898918 984898920
S01771_S01772,S01771,S01772,ok,8,1,4425.3,4678.8,3850.3,1.1493,,1.6,240,7,66.4,R3,235632824 235632825 301151611 1156573065 1156573066 1246293220 1246293221 1454677275 1454677278
S01772_S01005,S01772,S01005,ok,7,1,5360.7,5488.7,4924.8,1.0885,,0.0,360,7,53.6,R3,301151610 301151611 301953370 301953371 301953372 301953373 650677051 984898917 1339509758
S01772_S01771,S01772,S01771,ok,8,1,4425.3,4678.8,3850.3,1.1493,,1.6,240,8,66.4,R3,235632824 235632825 301151611 1156573065 1156573066 1246293220 1246293221 1454677275 1454677278
S01774_S01005,S01774,S01005,ok,7,1,3764.3,4010.1,3355.2,1.1219,,1.8,240,10,56.5,R3,231975832 231975833 529442378 529442379 650677050 789237290 789237291 974103617 974103618 984898914 984898915 984898916 1246293218 1246293219
S01774_S01775,S01774,S01775,ok,7,1,2588.6,2638.5,2634.4,0.9826,,12.4,180,9,51.8,R3,38480198 158671407 158671409 180306866 1273465797 1273465798 1339506190
S01775_S01774,S01775,S01774,ok,7,1,2588.6,2638.5,2634.4,0.9826,,12.4,180,10,51.8,R3,38480198 158671407 158671409 180306866 1273465797 1273465798 1339506190
S01775_S01776,S01775,S01776,ok,4,1,2138.1,2379.4,2127.7,1.0049,,5.7,120,9,64.1,R3,38480198 180306866
S01776_S01775,S01776,S01775,ok,4,1,2138.1,2379.4,2127.7,1.0049,,5.7,120,10,64.1,R3,38480198 180306866
S01776_S01778,S01776,S01778,ok,1,1,3696.5,3696.5,3575.3,1.0339,75.0,0.0,240,9,55.4,R3,180306865 180306866
S01778_S01005,S01778,S01005,ok,7,1,12324.4,12570.3,11601.8,1.0623,,0.5,780,6,56.9,RE3,180306865 180306866 231975832 231975833 529442378 529442379 650677050 789237290 789237291 974103617 974103618 984898914 984898915 984898916 1246293218 1246293219 1273465797 1273465798
S01778_S01006,S01778,S01006,ok,3,1,1193.8,1199.6,1143.6,1.0439,,34.0,120,16,35.8,R3|RE3,66835959 427165110
S01778_S01776,S01778,S01776,ok,1,1,3696.5,3696.5,3575.3,1.0339,75.0,0.0,180,10,73.9,R3,180306865 180306866
S01780_S01006,S01780,S01006,ok,3,1,6352.6,6353.7,5913.5,1.0742,,3.3,360,10,63.5,R3,66835959 66835970 164461754 164461755 373542082 373542085 373542087 373542088 427165110 427165111 984898913 1246293216 1246293217
S01780_S01014,S01780,S01014,ok,8,1,4639.7,4886.4,4506.8,1.0295,,8.9,300,9,55.7,R3,373542083 373542084 373542085 373542086 373542088 427164042 427164083 428090730 428090733 984898911 1421044762
S01781_S01014,S01781,S01014,ok,8,1,2706.0,3219.5,2516.5,1.0753,61.5,0.0,180,9,54.1,R3,94472622 94472628 94596045 984898912
S01781_S01782,S01781,S01782,ok,4,1,4839.5,4915.3,3808.7,1.2706,65.0,0.0,300,9,58.1,R3,28422759 28422760 28422761 28422762 28632778 28632820 42348151 42348152 42348153 42348154 94596024 94596033 94596038 94596040 94596048 94596058 94614473 94614485 94614486 94614719 307130237 307130238 648592738 648592739 970692329 970692330 984898910 1246293212 1246293213
S01782_S01781,S01782,S01781,ok,4,1,4839.5,4915.3,3808.7,1.2706,65.0,0.0,360,9,48.4,R3,28422759 28422760 28422761 28422762 28632778 28632820 42348151 42348152 42348153 42348154 94596024 94596033 94596038 94596040 94596048 94596058 94614473 94614485 94614486 94614719 307130237 307130238 648592738 648592739 970692329 970692330 984898910 1246293212 1246293213
S01782_S01783,S01782,S01783,ok,2,1,1932.4,2018.1,1877.7,1.0291,65.0,0.0,120,9,58.0,R3,28422758 28662819 42348160 42348161 502170790 502170791 984898909
S01783_S01014,S01783,S01014,ok,8,1,9639.4,10152.9,7647.2,1.2605,64.0,0.0,600,8,57.8,R3|RE3,28422758 28422759 28422760 28422761 28422762 28632778 28632820 28662819 42348151 42348152 42348153 42348154 42348160 42348161 94472622 94472628 94596024 94596033 94596038 94596040 94596045 94596048 94596058 94614473 94614485 94614486 94614719 307130237 307130238 502170790 502170791 648592738 648592739 970692329 970692330 984898909 984898910 984898912 1246293212 1246293213 1246293214 1246293215
S01783_S01782,S01783,S01782,ok,2,1,1932.4,2018.1,1877.7,1.0291,65.0,0.0,120,9,58.0,R3,28422758 28662819 42348160 42348161 502170790 502170791 984898909
S01783_S01784,S01783,S01784,ok,2,1,3478.4,3478.5,3174.3,1.0958,69.1,0.0,180,17,69.6,R3|RE3,262052918 984898908 984898909
S01784_S01783,S01784,S01783,ok,2,1,3478.4,3478.5,3174.3,1.0958,69.1,0.0,240,17,52.2,R3|RE3,262052918 984898908 984898909
S01784_S01785,S01784,S01785,ok,8,1,2733.2,2905.0,2695.7,1.0139,,0.0,180,17,54.7,R3|RE3,35012716 35012717 63215935 63215955 64897950 64897952 428303751 428304684 428304687 428636728 428636729 984898907
S01785_S01021,S01785,S01021,ok,7,1,5621.7,6205.0,5399.6,1.0411,77.2,0.0,360,7,56.2,RE3,63556924 63556942 838264365 984898907
S01785_S01784,S01785,S01784,ok,8,1,2733.2,2905.0,2695.7,1.0139,,0.0,180,17,54.7,R3|RE3,35012716 35012717 63215935 63215955 64897950 64897952 428303751 428304684 428304687 428636728 428636729 984898907
S01785_S01786,S01785,S01786,ok,1,1,2470.9,2470.9,2402.3,1.0285,75.6,0.0,180,10,49.4,R3,63556924 984898907
S01786_S01021,S01786,S01021,ok,7,1,3150.7,3734.0,3001.6,1.0497,78.6,0.0,180,10,63.0,R3,63556924 63556942 838264365
S01786_S01785,S01786,S01785,ok,1,1,2470.9,2470.9,2402.3,1.0285,75.6,0.0,120,10,74.1,R3,63556924 984898907
S01787_S01021,S01787,S01021,ok,7,1,3004.3,3055.5,2662.7,1.1283,,5.3,240,20,45.1,R3|S31,28422757 28662842 63556920 63611016 125459970 125459971 187058990 427163767 984898904 984898905 984898906
S01787_S01788,S01787,S01788,ok,2,1,1887.3,1894.5,1853.7,1.0181,,8.2,120,18,56.6,R3|S31,63556939 838263829
S01788_S01787,S01788,S01787,ok,2,1,1887.3,1894.5,1853.7,1.0181,,8.2,120,20,56.6,R3|S31,63556939 838263829
S01788_S01789,S01788,S01789,ok,2,1,4083.4,4084.0,3684.5,1.1083,,0.0,240,18,61.3,R3|S31,40961967 75580170 838263829 970437774 970437775 1055343522 1055343523
S01789_S01788,S01789,S01788,ok,2,1,4083.4,4084.0,3684.5,1.1083,,0.0,240,20,61.3,R3|S31,40961967 75580170 838263829 970437774 970437775 1055343522 1055343523
S01789_S01793,S01789,S01793,ok,5,1,2520.0,2798.9,2383.6,1.0572,,7.0,180,18,50.4,R3|S31,62454076 75574426 75574429 75580181 984898902 984898903
S01793_S01789,S01793,S01789,ok,5,1,2520.0,2798.9,2383.6,1.0572,,7.0,180,20,50.4,R3|S31,62454076 75574426 75574429 75580181 984898902 984898903
S01793_S01794,S01793,S01794,ok,4,1,2010.8,2162.4,1857.2,1.0827,90.0,0.0,120,18,60.3,R3|S31,59684957 75574428
S01794_S01793,S01794,S01793,ok,4,1,2010.8,2162.4,1857.2,1.0827,90.0,0.0,120,20,60.3,R3|S31,59684957 75574428
S01794_S01795,S01794,S01795,ok,2,1,3351.9,3467.2,3346.3,1.0017,90.0,0.0,180,18,67.0,R3|S31,59684957 59685011 75664702 75664732 99318414 99318427
S01795_S01794,S01795,S01794,ok,2,1,3351.9,3467.2,3346.3,1.0017,90.0,0.0,180,20,67.0,R3|S31,59684957 59685011 75664702 75664732 99318414 99318427
S01795_S17451,S01795,S17451,ok,2,1,4805.0,4805.4,4566.4,1.0523,88.1,0.0,180,18,96.1,R3|S31,61981953 61981958 75664732 77864198 77864199 77864202 99319386 99319387 389671797 984898901 1246293210 1246293211
S01797_S09999,S01797,S09999,ok,6,1,1931.7,2083.4,2099.2,0.9202,56.7,0.0,240,18,29.0,R3|S31,30109444 851908754 851908755 851908756 927791041 984898897 984898898 1246319674
S01797_S17451,S01797,S17451,ok,5,1,1754.3,1819.0,1752.1,1.0012,,14.4,120,20,52.6,R3|S31,28422756 30548915 75664715 75665429 77864194 77864196 77864197 77864200 77864201 77864203 77864204 77864205 972174197 984898899
S01801_S01104,S01801,S01104,ok,2,2,2663.6,2663.6,2663.6,1.0,160.0,0.0,180,37,53.3,S13,329500744 329503328 329503329 480931500 1040528955 1040528957 1041414221
S01801_S01820,S01801,S01820,ok,3,2,8632.5,8677.1,8294.7,1.0407,,0.6,360,37,86.3,S13,59569543 144458020 144458023 144942276 316247040 316247042 329500795 687676139 687676140 687676142 904845586 984026994 1038757214 1041414224 1118612504 1118612506
S01802_S01104,S01802,S01104,ok,2,2,2379.8,2380.0,2373.7,1.0026,154.6,0.0,120,37,71.4,S13,480931497 984026997 1040528955
S01802_S01803,S01802,S01803,ok,2,2,7646.4,7646.9,7662.2,0.9979,150.0,0.0,240,37,114.7,S13,300929221 300929224 300929225 300929229 300929230 300929233 300929236 480931497 759253353
S01803_S01802,S01803,S01802,ok,2,2,7646.4,7646.9,7662.2,0.9979,150.0,0.0,300,37,91.8,S13,300929221 300929224 300929225 300929229 300929230 300929233 300929236 480931497 759253353
S01803_S01860,S01803,S01860,ok,5,2,7730.4,7746.0,7545.7,1.0245,,9.6,480,37,58.0,S13,60931871 60931884 192243813 302638638 302638640 302638642 329534328 984026998
S01804_S01805,S01804,S01805,ok,6,2,6608.0,7330.5,6537.2,1.0108,,0.0,240,13,99.1,R34,252868385 362269121 362269124 362269129 759253352 1305689100
S01804_S01860,S01804,S01860,ok,6,2,5504.8,5592.7,5401.9,1.0191,,1.1,300,13,66.1,R34,44636555 44636557 46350202 80327015 80327044 93134944 131849219 137566516 137566517 137566520 252868377 252868385 858836317 898591249 1362686106 1424600325 1460810621 1464441422
S01805_S01804,S01805,S01804,ok,6,2,6608.0,7330.5,6537.2,1.0108,,0.0,240,13,99.1,R34,252868385 362269121 362269124 362269129 759253352 1305689100
S01805_S01806,S01805,S01806,ok,10,2,5045.4,5289.1,5213.2,0.9678,,3.0,300,1,60.5,RE13,722991346 898588855 898588856 1256814261 1280710909 1280710911 1305689091
S01805_S01930,S01805,S01930,ok,10,1,3207.5,3451.3,2542.1,1.2618,,4.8,180,13,64.1,R34,80324030 80324031 84832523 374478629 374478630 404753114 404753115 898588855 898588856 984014995 1305689091
S01806_S01805,S01806,S01805,ok,10,2,5045.4,5289.1,5213.2,0.9678,,3.0,300,1,60.5,RE13,722991346 898588855 898588856 1256814261 1280710909 1280710911 1305689091
S01806_S01807,S01806,S01807,ok,4,,7622.9,7849.7,7491.8,1.0175,,9.0,360,2,76.2,RE13,190344879 272025693 272025695 324590338 722991345 984027000 1460810618
S01806_S01860,S01806,S01860,ok,4,2,17391.9,17473.1,16564.0,1.05,,4.6,720,2,87.0,RE13,23782753 44636555 44636557 46350202 80323916 80323917 80327015 80327044 93134944 131849219 137566516 137566517 137566520 171360708 362269132 722991346 858836317 859078597 898591249 1256814261 1280710910 1280710912 1305689096 1305689097 1312031673 1424600325 1460810621 1464441422 1540138364
S01807_S01806,S01807,S01806,ok,4,,7622.9,7849.7,7491.8,1.0175,,9.0,360,3,76.2,RE13,190344879 272025693 272025695 324590338 722991345 984027000 1460810618
S01807_S01809,S01807,S01809,ok,17,2,7367.6,7523.9,7349.8,1.0024,,16.4,300,1,88.4,RE13,324499577 324566088 324566982 324566983 324566985 324566994 324566997 324567000 324567001 324567004 324567005 324567006 984027002
S01807_S01810,S01807,S01810,ok,17,2,16115.7,16271.9,15845.9,1.017,,9.8,600,7,96.7,RE13,178707903 178707907 281485192 281764409 281764411 324499577 324566088 324566982 324566983 324566985 324566987 324566989 324566993 324566994 324566997 324567000 324567001 324567004 324567005 324567006 324567007 324567636 324567637 396537978 984003145 984003146 984003147 984027002 1069863900 1069863901
S01807_S01860,S01807,S01860,ok,17,2,25096.0,25582.1,23787.3,1.055,,5.7,960,5,94.1,RE13,23782753 44636555 44636557 46350202 80323916 80323917 80327015 80327044 93134944 131849219 137566516 137566517 137566520 171360708 190344879 272025693 272025695 324590338 362269132 722991345 858836317 859078597 898591249 984027000 1280710910 1280710912 1305689096 1305689097 1424600325 1460810618 1460810621 1464441422 1540138364
S01807_S01942,S01807,S01942,ok,17,2,9427.6,9913.7,9387.5,1.0043,,7.6,360,3,94.3,R41,23370642 23370643 190344879 192243818 324589824 324589825 324604058 324604060 324604064 324604067 324604068 324604069 324604074 324604075 984011548
S01809_S01807,S01809,S01807,ok,17,2,7367.6,7523.9,7349.8,1.0024,,16.4,300,1,88.4,RE13,324499577 324566088 324566982 324566983 324566985 324566994 324566997 324567000 324567001 324567004 324567005 324567006 984027002
S01809_S01810,S01809,S01810,ok,2,2,8746.7,8748.0,8721.0,1.0029,,3.8,300,1,105.0,RE13,178707903 281485192 281764410 281764411 324566984 324566990 324566995 324567008 324567638 324567639 396537978 984003146 984003147 1069863900 1069863901
S01810_S00470,S01810,S00470,ok,16,2,21808.2,21829.6,20070.0,1.0866,,1.9,960,7,81.8,RE13,26382995 69249552 69249560 76260403 76260528 76260542 87044813 178494299 178711368 191732753 281246006 281485194 325312090 325420675 451752912 545768678 759253350 984003153 984003154 984003155 1233853669
S01810_S01807,S01810,S01807,ok,17,2,16115.7,16271.9,15845.9,1.017,,9.8,600,7,96.7,RE13,178707903 178707907 281485192 281764409 281764411 324499577 324566088 324566982 324566983 324566985 324566987 324566989 324566993 324566994 324566997 324567000 324567001 324567004 324567005 324567006 324567007 324567636 324567637 396537978 984003145 984003146 984003147 984027002 1069863900 1069863901
S01810_S01809,S01810,S01809,ok,2,2,8746.7,8748.0,8721.0,1.0029,,3.8,300,1,105.0,RE13,178707903 281485192 281764410 281764411 324566984 324566990 324566995 324567008 324567638 324567639 396537978 984003146 984003147 1069863900 1069863901
S01810_S04330,S01810,S04330,ok,15,1,14014.7,14091.8,13011.9,1.0771,,2.0,780,1,64.7,RE13,69249552 69249560 178711368 178711369 191732753 224643555 224643560 281246006 281485194 751529057 751529058 759253350 984003154 1013570827 1026423278 1125933400 1205837236 1233853671 1233853672 1233853674 1290019312 1290019313 1290655582 1290655585 1324405313 1334599858
S01820_S01492,S01820,S01492,ok,10,2,3282.9,3340.7,3282.3,1.0002,60.0,0.0,300,22,39.4,R38|RE13|RE8,116963520 141198787 145039987 145039996 145040005 343195802 343195814 1034168510 1034168512 1046524308
S01820_S01624,S01820,S01624,ok,8,4,1998.1,2161.6,2019.8,0.9893,63.8,0.0,240,67,30.0,S1|S12,141200519 144458014 145585530 166467860 166467862 951200509 1105530297 1105530298 1424600333
S01820_S01632,S01820,S01632,ok,6,2,2935.3,2957.3,2398.2,1.224,60.0,0.0,300,56,35.2,R31|S19|S9,116963516 141197790 145039989 145040004 943868029 1034168509 1034168511 1346896415
S01820_S01633,S01820,S01633,ok,4,2,3775.5,3782.8,3093.7,1.2204,60.0,0.0,300,133,45.3,S1|S12|S13|S2,114709317 114709319 115051530 115051531 115051536 115056218 116963520 116967097 117007480 145039987 145040005 172537481 172537484 184899276 385365947 1034168510 1034168512 1038003728 1040231835
S01820_S01701,S01820,S01701,ok,18,4,5706.4,5805.3,5687.3,1.0034,,2.0,300,32,68.5,R34|R38|RE11|RE13,65215198 112735930 114709311 114709326 132264770 343195805 435398903 435398904 904845549 973727543 973727545 1023977335 1023977339 1203134868 1540138351 1540138352 1540138357
S01820_S01801,S01820,S01801,ok,3,2,8632.5,8677.1,8294.7,1.0407,,0.6,360,37,86.3,S13,59569543 144458020 144458023 144942276 316247040 316247042 329500795 687676139 687676140 687676142 904845586 984026994 1038757214 1041414224 1118612504 1118612506
S01820_S01825,S01820,S01825,ok,18,2,25978.7,27179.9,24529.1,1.0591,,3.0,780,31,119.9,R38|RE11,23338589 60651124 60651125 64864154 64864155 64864157 140266988 141200519 144458014 144939176 144939181 145585530 166467860 166467862 253592658 253592660 271059007 271059010 326926281 326927695 326927698 326927699 326927700 326927702 326927704 326927708 326927719 326927720 326927722 326929677 326929680 378107824 378107828 411756292 411756295 445790982 462437759 462437760 677516026 677516028 689213152 689213155 750588709 867529076 951200461 951200470 951200477 951200480 951200485 951200489 951200492 951200494 951200498 951200499 951200502 951200507 951200509 978139853 978145037 981050157 981050159 981050165 1011539131 1011539132 1040528986 1040528987 1105530297 1105530298 1197817382 1424600333
S01820_S01827,S01820,S01827,ok,18,2,44741.5,45942.7,42821.5,1.0448,,2.1,1380,1,116.7,RE11,23338589 60651124 60651125 64864154 64864155 64864157 140266988 141200519 144458014 144939176 144939181 145585530 166467860 166467862 253592658 253592660 271059007 271059010 326814506 326814509 326814511 326814512 326815769 326817411 326817412 326817787 326817789 326817790 326817805 326818433 326818451 326818452 326818455 326818999 326819001 326819587 326926281 326927695 326927698 326927699 326927700 326927702 326927704 326927708 326927719 326927720 326927722 326929677 326929680 376010302 376010305 378107824 378107828 411756292 411756295 445790982 445790986 462437759 462437760 495249430 495249431 677516026 677516028 686701184 689213152 689213155 750588709 867529076 951200461 951200468 951200470 951200477 951200480 951200485 951200489 951200492 951200494 951200498 951200499 951200502 951200507 951200509 964626611 964626612 978139853 978139854 978141406 978141408 978145037 981050157 981050159 981050165 1011539131 1011539132 1040528986 1040528987 1105530297 1105530298 1197817382 1256741895 1256741906 1256741907 1424600333
S01820_S01860,S01820,S01860,ok,18,2,29108.9,30732.0,28185.9,1.0327,,5.5,1020,21,102.7,R34|RE13,59529176 60931871 132412778 144457997 145585540 192243813 300929221 300929224 300929225 300929229 300929230 300929233 300929236 302638638 302638640 302638642 316247037 316247043 329500744 329500763 329500784 329500828 329503328 329503329 329515684 329515686 329515687 329520990 329534328 480931497 480931500 759253353 984026995 984026997 984026998 984026999 984085254 1040528955 1040528957 1041414222 1041414223 1118612505 1118612507 1396211762 1424600316 1424600323 1424600334
S01821_S01822,S01821,S01822,ok,4,2,4656.4,4708.1,4671.2,0.9968,155.0,0.0,240,67,69.8,S1|S12,145042058 326937226 462437757 462437758 717573646 717573647 951200488 951200491 978145036
S01821_S01830,S01821,S01830,ok,4,2,1922.3,1973.2,1909.3,1.0068,150.0,0.0,180,67,38.4,S1|S12,23338589 144939176 378107824 378107828 951200498 951200499 951200502
S01822_S01821,S01822,S01821,ok,4,2,4656.4,4708.1,4671.2,0.9968,155.0,0.0,240,67,69.8,S1|S12,145042058 326937226 462437757 462437758 717573646 717573647 951200488 951200491 978145036
S01822_S01823,S01822,S01823,ok,4,2,3903.8,3912.4,3861.8,1.0109,,1.3,180,37,78.1,S1,60651125 64864154 326937254 326937281 411756292 411756295 462437759 677516026 867529076 951200487 981050159 1011539131 1011539132 1041145120
S01823_S01822,S01823,S01822,ok,4,2,3903.8,3912.4,3861.8,1.0109,,1.3,180,37,78.1,S1,60651125 64864154 326937254 326937281 411756292 411756295 462437759 677516026 867529076 951200487 981050159 1011539131 1011539132 1041145120
S01823_S01824,S01823,S01824,ok,5,2,3441.6,3525.4,3484.9,0.9876,,20.8,240,37,51.6,S1,64864155 64864157 297285755 326929676 326929681 326929682 326929684 445790982 677516028 951200479 951200485 1040528986 1040528987
S01824_S01823,S01824,S01823,ok,5,2,3441.6,3525.4,3484.9,0.9876,,20.8,240,37,51.6,S1,64864155 64864157 297285755 326929676 326929681 326929682 326929684 445790982 677516028 951200479 951200485 1040528986 1040528987
S01824_S01825,S01824,S01825,ok,6,2,7643.0,8313.8,7658.7,0.9979,,24.9,360,37,76.4,S1,253592658 253592660 326926281 326927692 326927695 326927698 326927699 326927700 326927702 326927704 326927708 326927719 326927720 326927722 326929677 326929690 689213152 689213155 750588709 951200461 951200470 978139853 981050165 1197817382
S01825_S01820,S01825,S01820,ok,18,2,25978.7,27179.9,24529.1,1.0591,,3.0,900,31,103.9,R38|RE11,23338589 60651124 60651125 64864154 64864155 64864157 140266988 141200519 144458014 144939176 144939181 145585530 166467860 166467862 253592658 253592660 271059007 271059010 326926281 326927695 326927698 326927699 326927700 326927702 326927704 326927708 326927719 326927720 326927722 326929677 326929680 378107824 378107828 411756292 411756295 445790982 462437759 462437760 677516026 677516028 689213152 689213155 750588709 867529076 951200461 951200470 951200477 951200480 951200485 951200489 951200492 951200494 951200498 951200499 951200502 951200507 951200509 978139853 978145037 981050157 981050159 981050165 1011539131 1011539132 1040528986 1040528987 1105530297 1105530298 1197817382 1424600333
S01825_S01824,S01825,S01824,ok,6,2,7643.0,8313.8,7658.7,0.9979,,24.9,300,37,91.7,S1,253592658 253592660 326926281 326927692 326927695 326927698 326927699 326927700 326927702 326927704 326927708 326927719 326927720 326927722 326929677 326929690 689213152 689213155 750588709 951200461 951200470 978139853 981050165 1197817382
S01825_S01826,S01825,S01826,ok,10,2,11793.6,11870.2,11822.8,0.9975,,3.4,420,20,101.1,R38|RE11,326815769 326815796 326815829 326815840 326817411 326817412 326817415 326817787 326817789 326817790 326817805 326818433 326818451 326818452 326818455 326818999 326819001 326819587 376010302 376010305 495249430 495249431 686701184 729700057 951200468 964626611 964626612 978139854 978141406
S01825_S01828,S01825,S01828,ok,10,2,23624.8,23701.5,23409.7,1.0092,,6.2,840,11,101.2,RE11,64864166 141630153 326805381 326807134 326807900 326807910 326807969 326812359 326814507 326814508 326814510 326814511 326814515 326815769 326815777 326817411 326817412 326817787 326817789 326817790 326817805 326818433 326818451 326818452 326818455 326818999 326819001 326819587 376010302 376010305 377805340 495249430 495249431 686701184 729700057 838267682 905221362 951200468 964626611 964626612 978139854 978141406 978141407 981050160 1256741892 1256741893 1256741906 1256741907 1256741909
S01826_S01825,S01826,S01825,ok,10,2,11793.6,11870.2,11822.8,0.9975,,3.4,420,18,101.1,R38,326815769 326815796 326815829 326815840 326817411 326817412 326817415 326817787 326817789 326817790 326817805 326818433 326818451 326818452 326818455 326818999 326819001 326819587 376010302 376010305 495249430 495249431 686701184 729700057 951200468 964626611 964626612 978139854 978141406
S01826_S01827,S01826,S01827,ok,6,2,6783.2,7501.8,6914.4,0.981,,1.2,240,20,101.7,R38|RE11,326814506 326814509 326814511 326814512 445790986 978141408 1256741895 1256741905
S01827_S01825,S01827,S01825,ok,5,2,18690.8,18772.0,18629.8,1.0033,,0.4,720,1,93.5,R38,326814506 326814509 326814511 326814512 326815769 326817411 326817412 326817787 326817789 326817790 326817805 326818433 326818451 326818452 326818455 326818999 326819001 326819587 376010302 376010305 445790986 495249430 495249431 686701184 729700057 951200468 964626611 964626612 978139854 978141406 978141408 1256741895 1256741906 1256741907
S01827_S01826,S01827,S01826,ok,6,2,6783.2,7501.8,6914.4,0.981,,1.2,240,18,101.7,R38,326814506 326814509 326814511 326814512 445790986 978141408 1256741895 1256741905
S01827_S01828,S01827,S01828,ok,5,2,4853.5,4934.7,4840.1,1.0028,,10.5,240,35,72.8,R37|R38|RE11,64864166 141630153 326805381 326807918 326807921 326807938 326807954 838266005 905221362 978142954 1256741890
S01827_S01871,S01827,S01871,ok,5,1,6558.4,6639.7,6310.7,1.0392,112.2,0.0,420,14,56.2,R37,39927841 326971993 326971994 964952654 964952655 983683384 1256741895
S01828_S01825,S01828,S01825,ok,10,2,23624.8,23701.5,23409.7,1.0092,,6.2,900,12,94.5,RE11,64864166 141630153 326805381 326807134 326807900 326807910 326807969 326812359 326814507 326814508 326814510 326814511 326814515 326815769 326815777 326817411 326817412 326817787 326817789 326817790 326817805 326818433 326818451 326818452 326818455 326818999 326819001 326819587 376010302 376010305 377805340 495249430 495249431 686701184 729700057 838267682 905221362 951200468 964626611 964626612 978139854 978141406 978141407 981050160 1256741892 1256741893 1256741906 1256741907 1256741909
S01828_S01827,S01828,S01827,ok,5,2,4853.5,4934.7,4840.1,1.0028,,10.5,240,32,72.8,R37|R38,64864166 141630153 326805381 326807918 326807921 326807938 326807954 838266005 905221362 978142954 1256741890
S01828_S01829,S01828,S01829,ok,11,2,4018.7,4215.2,4072.9,0.9867,160.0,0.0,240,19,60.3,R38,118184897 326802920 326802923 326805372 326805382 326805396 326805437 905221355 905221360
S01828_S01910,S01828,S01910,ok,11,1,5383.3,5580.3,4526.1,1.1894,,10.3,300,8,64.6,R37|R39|RE11,326805383 326805395 495279200 495279201 532741400 718131935 718131936 718491876 718491877 887496860 887496861 905221353 905221358 983683385 1183500163 1183500164 1183500165 1183500166 1264387269 1264387286
S01828_S01912,S01828,S01912,ok,11,1,8780.1,8977.0,7735.9,1.135,,6.3,600,12,52.7,RE11,25855909 132705342 326805383 326805395 495279200 495279201 532741400 718131935 718131936 718491876 718491877 887496860 887496861 905221353 905221358 978812038 983683385 1183500163 1183500164 1183500165 1183500166 1204296577 1204296578 1264387269 1264387282 1264387283 1264387285 1264387286
S01829_S01828,S01829,S01828,ok,11,2,4018.7,4215.2,4072.9,0.9867,160.0,0.0,300,16,48.2,R38,118184897 326802920 326802923 326805372 326805382 326805396 326805437 905221355 905221360
S01829_S05000,S01829,S05000,ok,5,2,7990.7,8146.4,7916.7,1.0094,,4.9,480,19,59.9,R38,51752640 51752642 76819849 76819860 118184916 183425512 183425513 183425516 183425517 326800885 326800891 326801895 326801904 326802917 326802922 377805322 978142955 978142957 1105481608 1105481609 1256741886
S01830_S01624,S01830,S01624,ok,8,4,1948.8,2153.1,2065.3,0.9436,200.0,0.0,180,67,39.0,S1|S12,236827622 236827624
S01830_S01821,S01830,S01821,ok,4,2,1922.3,1973.2,1909.3,1.0068,150.0,0.0,120,67,57.7,S1|S12,23338589 144939176 378107824 378107828 951200498 951200499 951200502
S01840_S01841,S01840,S01841,ok,6,1,5608.5,5707.6,5652.2,0.9923,120.0,0.0,240,16,84.1,R8,58492601 85937359 85937366 1234610631 1234610632
S01840_S01900,S01840,S01900,ok,6,1,4961.1,5059.8,4956.4,1.001,,5.4,420,15,42.5,R8,30385054 34909117 58421570 58421572 59265487 59265497 74766792 232330277 232330278 1031124034 1106771459 1228627806 1228627807 1228627811 1228627812 1228627819 1228627820
S01841_S01840,S01841,S01840,ok,6,1,5608.5,5707.6,5652.2,0.9923,120.0,0.0,360,15,56.1,R8,58492601 85937359 85937366 1234610631 1234610632
S01841_S01842,S01841,S01842,ok,7,1,5588.5,5691.8,5653.4,0.9885,120.0,0.0,360,16,55.9,R8,58526757
S01841_S09999,S01841,S09999,ok,7,1,17555.8,17659.2,14666.0,1.197,,2.7,1080,1,58.5,R8,30145294 30385054 34909117 58421570 58421572 58492601 59265487 59265497 62080605 74766792 85937359 85937366 181475560 232330277 232330278 540455285 657642968 668451946 668451959 668451965 668451966 927791037 983664541 983916693 1031124034 1031124091 1031124096 1031124097 1106771459 1138937490 1175627510 1228627806 1228627807 1228627819 1228627820 1234610631 1234610632 1252634293
S01842_S01841,S01842,S01841,ok,7,1,5588.5,5691.8,5653.4,0.9885,120.0,0.0,300,15,67.1,R8,58526757
S01842_S01843,S01842,S01843,ok,6,1,3221.7,3348.1,3307.1,0.9742,120.0,0.0,180,16,64.4,R8,58526760
S01843_S01842,S01843,S01842,ok,6,1,3221.7,3348.1,3307.1,0.9742,120.0,0.0,180,15,64.4,R8,58526760
S01843_S01844,S01843,S01844,ok,3,1,3540.1,3619.3,3645.0,0.9712,120.0,0.0,300,16,42.5,R8,74548119 1031124031 1233847961
S01844_S01843,S01844,S01843,ok,3,1,3540.1,3619.3,3645.0,0.9712,120.0,0.0,240,15,53.1,R8,74548119 1031124031 1233847961
S01844_S01845,S01844,S01845,ok,6,1,4158.2,4279.0,4293.8,0.9684,120.0,0.0,240,16,62.4,R8,1031124030 1031124075 1031124078
S01845_S01841,S01845,S01841,ok,6,1,16834.5,16962.3,16488.4,1.021,120.0,0.0,960,1,63.1,R8,58526757 58526760 74548119 1031124030 1031124031 1031124075 1031124078 1031124080 1031124082 1031124083 1233847961
S01845_S01844,S01845,S01844,ok,6,1,4158.2,4279.0,4293.8,0.9684,120.0,0.0,300,15,49.9,R8,1031124030 1031124075 1031124078
S01845_S01846,S01845,S01846,ok,6,1,2342.6,2470.3,2432.1,0.9632,120.0,0.0,180,16,46.9,R8,1031124072
S01846_S01845,S01846,S01845,ok,6,1,2342.6,2470.3,2432.1,0.9632,120.0,0.0,180,15,46.9,R8,1031124072
S01846_S01847,S01846,S01847,ok,3,1,4174.0,4253.8,4257.1,0.9805,120.0,0.0,240,16,62.6,R8,58529705
S01847_S01845,S01847,S01845,ok,4,1,6596.3,6652.8,6688.1,0.9863,120.0,0.0,900,1,26.4,R8,58529705 1031124071 1031124072
S01847_S01846,S01847,S01846,ok,3,1,4174.0,4253.8,4257.1,0.9805,120.0,0.0,240,15,62.6,R8,58529705
S01847_S01848,S01847,S01848,ok,4,1,8187.9,8244.4,8181.6,1.0008,120.0,0.0,420,16,70.2,R8,74735429 74735440 254279195 254279196 254279197 254279198 1031124065 1031124068
S01848_S01847,S01848,S01847,ok,4,1,8187.9,8244.4,8181.6,1.0008,120.0,0.0,420,15,70.2,R8,74735429 74735440 254279195 254279196 254279197 254279198 1031124065 1031124068
S01848_S01919,S01848,S01919,ok,8,1,2935.6,3056.6,2511.2,1.169,,9.7,360,16,29.4,R8,58529711 58529715 254276332 254279199 722342832 722342833 905221341 983916695 1031124029 1031124064 1184187451 1233847974 1233847975
S01849_S01850,S01849,S01850,ok,4,1,9839.4,9900.7,9935.3,0.9903,120.0,0.0,600,17,59.0,R8,239074513 239074515 239074516 239074517 1031124057 1031124058 1234931171 1234931172
S01849_S01919,S01849,S01919,ok,4,1,6040.8,6101.8,5791.4,1.0431,,18.6,480,17,45.3,R8,239073687 239073688 239073876 239073897 254276338 254276361 254276370 254276371 254276376 983916697 1031124056
S01850_S01849,S01850,S01849,ok,4,1,9839.4,9900.7,9935.3,0.9903,120.0,0.0,480,17,73.8,R8,239074513 239074515 239074516 239074517 1031124057 1031124058 1234931171 1234931172
S01850_S01851,S01850,S01851,ok,14,1,3853.9,4539.2,3549.3,1.0858,,0.0,240,17,57.8,R8,32264808 32264810 160663798 163121887 163121888 163121889 253500920 710358939 710358940 1031124016 1031124052 1031124054
S01851_S01850,S01851,S01850,ok,14,1,3853.9,4539.2,3549.3,1.0858,,0.0,240,16,57.8,R8,32264808 32264810 160663798 163121887 163121888 163121889 253500920 710358939 710358940 1031124016 1031124052 1031124054
S01851_S01852,S01851,S01852,ok,3,1,4460.8,4521.8,4498.5,0.9916,,1.4,240,17,66.9,R8,51699265 163121886 351865038 351865039 351865043 351865046 1031124048 1234314918 1234314919
S01852_S01851,S01852,S01851,ok,3,1,4460.8,4521.8,4498.5,0.9916,,1.4,240,16,66.9,R8,51699265 163121886 351865038 351865039 351865043 351865046 1031124048 1234314918 1234314919
S01852_S01853,S01852,S01853,ok,6,1,4896.1,4989.8,4960.7,0.987,,9.8,660,17,26.7,R8,51699245 51699249 51699250 51699251 51699252 51699253 51699277 983916698 983916699 983916700 983916701 1031124027 1031124042
S01853_S01850,S01853,S01850,ok,12,1,13362.9,13512.3,12884.9,1.0371,,0.0,1620,1,29.7,R8,32264808 32264810 51699245 51699249 51699250 51699251 51699252 51699253 51699265 51699272 51699277 51699278 160663798 163121886 163121887 163121888 163121889 253500920 351865038 351865039 351865043 351865046 710358939 710358940 983916701 1031124015 1031124016 1031124027 1031124028 1031124042 1031124047 1031124049 1031124052 1031124054 1234314918 1234314919
S01853_S01852,S01853,S01852,ok,6,1,4896.1,4989.8,4960.7,0.987,,9.8,360,16,49.0,R8,51699245 51699249 51699250 51699251 51699252 51699253 51699277 983916698 983916699 983916700 983916701 1031124027 1031124042
S01853_S05014,S01853,S05014,ok,12,1,9994.8,10440.2,8810.6,1.1344,,2.0,660,17,54.5,R8,51699223 78412969 78412972 135401562 353239363 353239364 525722488 525722489 525722490 721537176 983916703 1031124024 1031124025 1031124026 1032638215 1188188578 1188188581 1199490887 1199490889 1201357024 1234610628 1247950401 1247950402 1272222005 1272222006 1272222007 1272222008 1272222009 1272222010
S01860_S00279,S01860,S00279,ok,6,1,7575.9,7667.6,7525.3,1.0067,91.9,0.0,360,15,75.8,R36,37959751 44636558 44636559 93134944 131849219 137566517 137566518 137566521 620626350 620626352 858836317 898591249 986417461 986417462 997750174 1235566158 1235566160 1235566161 1235566162 1424600325 1464441422
S01860_S00408,S01860,S00408,ok,1,1,9579.0,9579.0,9453.3,1.0133,109.6,0.0,420,14,82.1,R35,37959751 44636558 44636559 62060352 93134944 131849219 137566517 137566518 137566521 858836317 898591249 898595254 986417461 986417462 1235566159 1235566160 1235566161 1235566162 1278047267 1278047275 1278047276 1362334506 1424600325 1464441422
S01860_S01803,S01860,S01803,ok,5,2,7730.4,7746.0,7545.7,1.0245,,9.6,420,37,66.3,S13,60931871 60931884 192243813 302638638 302638640 302638642 329534328 984026998
S01860_S01804,S01860,S01804,ok,6,2,5504.8,5592.7,5401.9,1.0191,,1.1,300,13,66.1,R34,44636555 44636557 46350202 80327015 80327044 93134944 131849219 137566516 137566517 137566520 252868377 252868385 858836317 898591249 1362686106 1424600325 1460810621 1464441422
S01860_S01806,S01860,S01806,ok,4,2,17391.9,17473.1,16564.0,1.05,,4.6,780,1,80.3,RE13,23782753 44636555 44636557 46350202 80323916 80323917 80327015 80327044 93134944 131849219 137566516 137566517 137566520 171360708 362269132 722991346 858836317 859078597 898591249 1256814261 1280710910 1280710912 1305689096 1305689097 1312031673 1424600325 1460810621 1464441422 1540138364
S01860_S01807,S01860,S01807,ok,17,2,25096.0,25582.1,23787.3,1.055,,5.7,960,7,94.1,RE13,23782753 44636555 44636557 46350202 80323916 80323917 80327015 80327044 93134944 131849219 137566516 137566517 137566520 171360708 190344879 272025693 272025695 324590338 362269132 722991345 858836317 859078597 898591249 984027000 1280710910 1280710912 1305689096 1305689097 1424600325 1460810618 1460810621 1464441422 1540138364
S01860_S01820,S01860,S01820,ok,18,2,29108.9,30732.0,28185.9,1.0327,,5.5,1020,20,102.7,R34|RE13,59529176 60931871 132412778 144457997 145585540 192243813 300929221 300929224 300929225 300929229 300929230 300929233 300929236 302638638 302638640 302638642 316247037 316247043 329500744 329500763 329500784 329500828 329503328 329503329 329515684 329515686 329515687 329520990 329534328 480931497 480931500 759253353 984026995 984026997 984026998 984026999 984085254 1040528955 1040528957 1041414222 1041414223 1118612505 1118612507 1396211762 1424600316 1424600323 1424600334
S01860_S01861,S01860,S01861,ok,9,1,2475.8,2488.2,1857.2,1.3331,,17.6,300,13,29.7,R37,26585313 26585314 26585315 26585316 26585317 26585318 131849220 192243814 192243815 302638638 329534328 575450375 575450376 687676136 687676138 838271851 851229405 1264282732 1377817057 1424600319
S01861_S01860,S01861,S01860,ok,9,1,2475.8,2488.2,1857.2,1.3331,,17.6,360,13,24.8,R37,26585313 26585314 26585315 26585316 26585317 26585318 131849220 192243814 192243815 302638638 329534328 575450375 575450376 687676136 687676138 838271851 851229405 1264282732 1377817057 1424600319
S01861_S01862,S01861,S01862,ok,4,1,4290.6,4333.4,4319.7,0.9933,105.4,0.0,240,13,64.4,R37,28375397 978805913 1264282736 1264282737
S01862_S01861,S01862,S01861,ok,4,1,4290.6,4333.4,4319.7,0.9933,105.4,0.0,240,13,64.4,R37,28375397 978805913 1264282736 1264282737
S01862_S01863,S01862,S01863,ok,1,1,3184.6,3184.6,3186.3,0.9995,110.0,0.0,240,13,47.8,R37,39634230 260915549 1264282737 1264282740
S01863_S01862,S01863,S01862,ok,1,1,3184.6,3184.6,3186.3,0.9995,110.0,0.0,240,13,47.8,R37,39634230 260915549 1264282737 1264282740
S01863_S01864,S01863,S01864,ok,3,1,4371.4,4428.7,4426.2,0.9876,110.0,0.0,240,13,65.6,R37,260915548
S01864_S01863,S01864,S01863,ok,3,1,4371.4,4428.7,4426.2,0.9876,110.0,0.0,300,13,52.5,R37,260915548
S01864_S01865,S01864,S01865,ok,2,1,4637.5,4637.7,4620.9,1.0036,110.0,0.0,360,13,46.4,R37,257203219 257203220 260915548 1264282744
S01865_S01864,S01865,S01864,ok,2,1,4637.5,4637.7,4620.9,1.0036,110.0,0.0,240,14,69.6,R37,257203219 257203220 260915548 1264282744
S01865_S01866,S01865,S01866,ok,4,1,1845.6,1929.9,2009.7,0.9183,110.0,0.0,120,14,55.4,R37,1264282746
S01866_S01865,S01866,S01865,ok,4,1,1845.6,1929.9,2009.7,0.9183,110.0,0.0,180,14,36.9,R37,1264282746
S01866_S01867,S01866,S01867,ok,3,1,3808.4,3896.8,3826.7,0.9952,110.0,0.0,180,14,76.2,R37,1264282751
S01867_S01866,S01867,S01866,ok,3,1,3808.4,3896.8,3826.7,0.9952,110.0,0.0,180,14,76.2,R37,1264282751
S01867_S01868,S01867,S01868,ok,3,1,3377.1,3439.3,3469.7,0.9733,110.0,0.0,240,14,50.7,R37,309423505 309423506 309423507 309423508 1200701878 1264282754
S01868_S01867,S01868,S01867,ok,3,1,3377.1,3439.3,3469.7,0.9733,110.0,0.0,180,14,67.5,R37,309423505 309423506 309423507 309423508 1200701878 1264282754
S01868_S01869,S01868,S01869,ok,4,1,2634.8,2690.5,2634.9,1.0,110.0,0.0,180,14,52.7,R37,1264282756 1264282758 1264282765
S01869_S01868,S01869,S01868,ok,4,1,2634.8,2690.5,2634.9,1.0,110.0,0.0,180,14,52.7,R37,1264282756 1264282758 1264282765
S01869_S01870,S01869,S01870,ok,2,1,1838.3,1853.2,1853.1,0.992,110.0,0.0,120,14,55.1,R37,49978282 390480257 1264282766 1264282768
S01870_S01869,S01870,S01869,ok,2,1,1838.3,1853.2,1853.1,0.992,110.0,0.0,120,14,55.1,R37,49978282 390480257 1264282766 1264282768
S01870_S01871,S01870,S01871,ok,2,1,1949.8,1949.9,1949.9,1.0,110.0,0.0,180,14,39.0,R37,390480256 1264282769 1264282771 1264282772
S01871_S01827,S01871,S01827,ok,5,1,6558.4,6639.7,6310.7,1.0392,112.2,0.0,360,14,65.6,R37,39927841 326971993 326971994 964952654 964952655 983683384 1256741895
S01871_S01870,S01871,S01870,ok,2,1,1949.8,1949.9,1949.9,1.0,110.0,0.0,120,14,58.5,R37,390480256 1264282769 1264282771 1264282772
S01900_S01840,S01900,S01840,ok,6,1,4961.1,5059.8,4956.4,1.001,,5.4,540,16,33.1,R8,30385054 34909117 58421570 58421572 59265487 59265497 74766792 232330277 232330278 1031124034 1106771459 1228627806 1228627807 1228627811 1228627812 1228627819 1228627820
S01900_S01901,S01900,S01901,ok,17,1,7254.2,7688.7,7350.8,0.9869,,0.5,360,16,72.5,R5,66945904 66945970 91075526 254897152 1031124035 1084457126 1106771459
S01900_S09999,S01900,S09999,ok,17,1,6760.8,6887.6,4563.7,1.4814,,15.9,360,32,67.6,R5|R8,30145294 62080605 74766794 91075495 91075510 91559167 91559168 91559172 181475560 540455285 657642968 668451946 668451959 668451965 668451966 927791037 983664541 1138937490 1175627510 1252634293
S01901_S01900,S01901,S01900,ok,17,1,7254.2,7688.7,7350.8,0.9869,,0.5,300,17,87.1,R5,66945904 66945970 91075526 254897152 1031124035 1084457126 1106771459
S01901_S01902,S01901,S01902,ok,6,1,8814.5,8954.7,8899.0,0.9905,120.0,0.0,360,16,88.1,R5,58499233 58499234 58510334 58510336 59312152 59312156 99466739 99466744 157923579 157923581 1084457153 1084457154 1084457155 1084457159
S01902_S01901,S01902,S01901,ok,6,1,8814.5,8954.7,8899.0,0.9905,120.0,0.0,660,17,48.1,R5,58499233 58499234 58510334 58510336 59312152 59312156 99466739 99466744 157923579 157923581 1084457153 1084457154 1084457155 1084457159
S01902_S01903,S01902,S01903,ok,5,1,5141.3,5255.3,5208.2,0.9872,,6.1,300,16,61.7,R5,66749611 67091901 1084457145 1084457157
S01903_S01902,S01903,S01902,ok,5,1,5141.3,5255.3,5208.2,0.9872,,6.1,360,17,51.4,R5,66749611 67091901 1084457145 1084457157
S01903_S01904,S01903,S01904,ok,7,1,6493.7,7230.5,6548.2,0.9917,100.0,0.0,300,16,77.9,R5,30145342 30145343 59198268 59198276 1084457136 1084457139 1084457143 1084457146
S01904_S01903,S01904,S01903,ok,7,1,6493.7,7230.5,6548.2,0.9917,100.0,0.0,360,17,64.9,R5,30145342 30145343 59198268 59198276 1084457136 1084457139 1084457143 1084457146
S01904_S01905,S01904,S01905,ok,6,1,5453.6,5584.4,5334.6,1.0223,100.0,0.0,360,16,54.5,R5,69679939 69679942 69679945 69679962 69679981 69679984 69681944 69681953 1022120783 1084457130 1084457135
S01905_S01609,S01905,S01609,ok,6,1,6209.2,6909.5,6057.2,1.0251,114.4,0.0,300,18,74.5,R6,38286857 70265422 70265425 70265735 983664537 1016577799 1016577800 1022120784
S01905_S01904,S01905,S01904,ok,6,1,5453.6,5584.4,5334.6,1.0223,100.0,0.0,360,17,54.5,R5,69679939 69679942 69679945 69679962 69679981 69679984 69681944 69681953 1022120783 1084457130 1084457135
S01905_S01915,S01905,S01915,ok,5,1,10716.8,10789.8,9883.4,1.0843,,7.4,660,34,58.5,R5|R6,38286838 38286844 124483627 124484839 124484854 124484865 253479739 253479743 429844669 596450373 905221349 905382097 906363819 983664538 1022314369 1372451992
S01910_S01828,S01910,S01828,ok,11,1,5383.3,5580.3,4526.1,1.1894,,10.3,360,6,53.8,R37|R39,326805383 326805395 495279200 495279201 532741400 718131935 718131936 718491876 718491877 887496860 887496861 905221353 905221358 983683385 1183500163 1183500164 1183500165 1183500166 1264387269 1264387286
S01910_S01911,S01910,S01911,ok,3,1,2156.9,2286.5,2154.2,1.0012,110.0,0.0,120,8,64.7,R37|R39|RE11,25855909 1264387282
S01911_S01910,S01911,S01910,ok,3,1,2156.9,2286.5,2154.2,1.0012,110.0,0.0,180,5,43.1,R37|R39,25855909 1264387282
S01911_S01912,S01911,S01912,ok,4,1,1062.7,1110.6,1134.6,0.9366,,12.9,120,8,31.9,R37|R39|RE11,132705342 978812038 1204296577 1204296578 1264387283 1264387284
S01912_S01828,S01912,S01828,ok,11,1,8780.1,8977.0,7735.9,1.135,,6.3,480,13,65.9,RE11,25855909 132705342 326805383 326805395 495279200 495279201 532741400 718131935 718131936 718491876 718491877 887496860 887496861 905221353 905221358 978812038 983683385 1183500163 1183500164 1183500165 1183500166 1204296577 1204296578 1264387269 1264387282 1264387283 1264387285 1264387286
S01912_S01910,S01912,S01910,ok,3,1,3267.2,3343.2,3228.9,1.0119,110.0,0.0,240,1,49.0,R39,25855909 132705342 978812038 1204296577 1204296578 1264387282 1264387283
S01912_S01911,S01912,S01911,ok,4,1,1062.7,1110.6,1134.6,0.9366,,12.9,120,5,31.9,R37|R39,132705342 978812038 1204296577 1204296578 1264387283 1264387284
S01912_S01913,S01912,S01913,ok,3,1,7675.6,7751.7,7763.6,0.9887,,0.8,300,7,92.1,R37|R39,132705330 195720942 376952499 376952500 376952501 376952502 1264387279
S01912_S01915,S01912,S01915,ok,3,1,18373.0,18449.0,18369.5,1.0002,,0.9,840,13,78.7,RE11,132705330 195720953 195720954 332884016 332884017 375954744 375954890 376832241 376952499 376952500 376952501 376952502 495251711 495251712 495251713 495251714 905221348 906680923 906680924 906680927 906680928 1264387279
S01913_S01912,S01913,S01912,ok,3,1,7675.6,7751.7,7763.6,0.9887,,0.8,300,6,92.1,R37|R39,132705330 195720942 376952499 376952500 376952501 376952502 1264387279
S01913_S01914,S01913,S01914,ok,7,1,5549.5,5940.2,5530.6,1.0034,140.0,0.0,300,7,66.6,R37|R39,332884016 332884017 375954744 376832241 495251711 495251712 495251713 495251714 495251715 495251716 532741403 906680923
S01914_S01913,S01914,S01913,ok,7,1,5549.5,5940.2,5530.6,1.0034,140.0,0.0,240,5,83.2,R37|R39,332884016 332884017 375954744 376832241 495251711 495251712 495251713 495251714 495251715 495251716 532741403 906680923
S01914_S01915,S01914,S01915,ok,3,2,5081.9,5103.8,5110.4,0.9944,,3.1,360,7,50.8,R37|R39,195720954 905221348 906680927 906680928
S01915_S01905,S01915,S01905,ok,5,1,10716.8,10789.8,9883.4,1.0843,,7.4,540,35,71.4,R5|R6,38286838 38286844 124483627 124484839 124484854 124484865 253479739 253479743 429844669 596450373 905221349 905382097 906363819 983664538 1022314369 1372451992
S01915_S01912,S01915,S01912,ok,3,1,18373.0,18449.0,18369.5,1.0002,,0.9,660,13,100.2,RE11,132705330 195720953 195720954 332884016 332884017 375954744 375954890 376832241 376952499 376952500 376952501 376952502 495251711 495251712 495251713 495251714 905221348 906680923 906680924 906680927 906680928 1264387279
S01915_S01913,S01915,S01913,ok,28,2,10631.4,11384.2,10640.9,0.9991,,1.5,540,1,70.9,R39,195720953 195720954 332884016 332884017 375954744 375954890 376832241 495251711 495251712 495251713 495251714 905221348 906680923 906680927 906680928
S01915_S01914,S01915,S01914,ok,3,2,5081.9,5103.8,5110.4,0.9944,,3.1,300,5,61.0,R37|R39,195720954 905221348 906680927 906680928
S01915_S01916,S01915,S01916,ok,28,1,7347.9,7809.9,7418.2,0.9905,,9.7,360,4,73.5,R40,38289881 124483175 124484839 124484851 124484854 124484865 429844669 532741401 562034969 562034972 838284238 838284240 905221349 905382097 906363819 1372451992
S01915_S01919,S01915,S01919,ok,28,1,27755.1,28217.1,27686.8,1.0025,,1.5,1140,10,87.6,RE11,35612636 38289881 124483175 124484839 124484851 124484854 124484865 254276366 256953708 429844669 532741401 562034969 562034972 593877045 593877046 593877047 593877048 594101523 594101524 602647985 602647986 905221341 905221349 905382097 906363806 906363807 906363811 906363813 906363814 906363816 906363818 906363819 1184187451 1278062732 1278062733 1372451992
S01916_S01915,S01916,S01915,ok,28,1,7347.9,7809.9,7418.2,0.9905,,9.7,300,5,88.2,R40|RE11,38289881 124483175 124484839 124484851 124484854 124484865 429844669 532741401 562034969 562034972 838284238 838284240 905221349 905382097 906363819 1372451992
S01916_S01917,S01916,S01917,ok,3,1,6025.1,6809.3,6105.9,0.9868,,4.3,300,4,72.3,R40,593877045 593877046 593877047 594101523 594101524 906363814 906363816 906363818 1342263107
S01917_S01916,S01917,S01916,ok,3,1,6025.1,6809.3,6105.9,0.9868,,4.3,300,4,72.3,R40|RE11,593877045 593877046 593877047 594101523 594101524 906363814 906363816 906363818 1342263107
S01917_S01918,S01917,S01918,ok,3,1,7602.8,8196.9,7602.9,1.0,140.0,0.0,360,4,76.0,R40,256953708 593877048 602647986 906363806 906363807 906363811 1278062732 1278062733
S01918_S01917,S01918,S01917,ok,3,1,7602.8,8196.9,7602.9,1.0,140.0,0.0,300,4,91.2,R40|RE11,256953708 593877048 602647986 906363806 906363807 906363811 1278062732 1278062733
S01918_S01919,S01918,S01919,ok,3,1,6618.6,6618.9,6626.0,0.9989,,1.0,360,4,66.2,R40,35612636 254276366 602647985 905221341 906363806 1184187451
S01919_S01847,S01919,S01847,ok,16,1,11244.3,11879.0,10632.9,1.0575,,0.0,960,1,42.2,R8,58529711 58529715 74735429 74735440 254276332 254279195 254279196 254279197 254279198 722342832 722342833 905221341 983916695 1031124029 1031124061 1031124064 1031124065 1031124068 1184187451
S01919_S01848,S01919,S01848,ok,8,1,2935.6,3056.6,2511.2,1.169,,9.7,180,15,58.7,R8,58529711 58529715 254276332 254279199 722342832 722342833 905221341 983916695 1031124029 1031124064 1184187451 1233847974 1233847975
S01919_S01849,S01919,S01849,ok,4,1,6040.8,6101.8,5791.4,1.0431,,18.6,300,17,72.5,R8,239073687 239073688 239073876 239073897 254276338 254276361 254276370 254276371 254276376 983916697 1031124056
S01919_S01915,S01919,S01915,ok,28,1,27755.1,28217.1,27686.8,1.0025,,1.5,1080,10,92.5,R40|RE11,35612636 38289881 124483175 124484839 124484851 124484854 124484865 254276366 256953708 429844669 532741401 562034969 562034972 593877045 593877046 593877047 593877048 594101523 594101524 602647985 602647986 905221341 905221349 905382097 906363806 906363807 906363811 906363813 906363814 906363816 906363818 906363819 1184187451 1278062732 1278062733 1372451992
S01919_S01916,S01919,S01916,ok,16,1,20327.4,20962.1,20273.8,1.0026,,0.3,900,1,81.3,RE11,35612636 254276366 256953708 593877045 593877046 593877047 593877048 594101523 594101524 602647985 602647986 905221341 906363806 906363807 906363811 906363813 906363814 906363816 906363818 1184187451 1278062732 1278062733
S01919_S01918,S01919,S01918,ok,3,1,6618.6,6618.9,6626.0,0.9989,,1.0,300,4,79.4,R40|RE11,35612636 254276366 602647985 905221341 906363806 1184187451
S01919_S01920,S01919,S01920,ok,16,1,8404.4,8592.0,8376.1,1.0034,,10.1,420,14,72.0,R40|RE11,30644582 238256763 238256766 254276342 254276343 254276372 310463847 310463850 310463851 313967857 313967859 905221344 1149707449 1270804531
S01920_S01919,S01920,S01919,ok,16,1,8404.4,8592.0,8376.1,1.0034,,10.1,360,14,84.0,R40|RE11,30644582 238256763 238256766 254276342 254276343 254276372 310463847 310463850 310463851 313967857 313967859 905221344 1149707449 1270804531
S01925_S01086,S01925,S01086,ok,4,2,1974.3,2013.5,1970.8,1.0018,90.0,0.0,120,79,59.2,R16|S2|S4,196092681 196092686 196092698 372066990 372105521 1124982872
S01925_S01087,S01925,S01087,ok,7,1,2110.1,2186.6,2143.1,0.9846,65.0,0.0,180,30,42.2,R16|S2,32560583 196092685 943868031 1091868429 1095569262 1155263211 1155263216
S01925_S01316,S01925,S01316,ok,2,,2230.2,2230.9,2296.0,0.9714,,42.4,600,22,13.4,S4,60229523 196092685 196092688 224740057 314109357 1022678356 1022678357 1022678358 1031302524 1385171982
S01929_S01086,S01929,S01086,ok,1,1,1871.5,1871.5,1839.0,1.0177,100.0,0.0,60,33,112.3,S9,143022682 143022683 259602639 259602640 259602644 259602652 259603289 259603290 984949948 1126022016 1471089168 1471089169
S01929_S01318,S01929,S01318,ok,19,1,3370.0,3767.4,3214.4,1.0484,65.7,0.0,300,33,40.4,S9,372078844 372105516 984949949 1077903476 1095855906
S01930_S01805,S01930,S01805,ok,10,1,3207.5,3451.3,2542.1,1.2618,,4.8,240,13,48.1,R34,80324030 80324031 84832523 374478629 374478630 404753114 404753115 898588855 898588856 984014995 1305689091
S01930_S01931,S01930,S01931,ok,1,1,2608.7,2608.7,2607.4,1.0005,80.0,0.0,240,13,39.1,R34,394728637 394728638 404753115
S01931_S01930,S01931,S01930,ok,1,1,2608.7,2608.7,2607.4,1.0005,80.0,0.0,240,13,39.1,R34,394728637 394728638 404753115
S01931_S01932,S01931,S01932,ok,2,1,2817.1,2817.3,2776.9,1.0145,80.0,0.0,300,13,33.8,R34,44639527 84832515 394728637 403181251 403181252
S01932_S01931,S01932,S01931,ok,2,1,2817.1,2817.3,2776.9,1.0145,80.0,0.0,300,13,33.8,R34,44639527 84832515 394728637 403181251 403181252
S01932_S01944,S01932,S01944,ok,1,1,4523.0,4523.0,4240.7,1.0666,80.0,0.0,360,13,45.2,R34,44639527 44639529 401960565
S01933_S01077,S01933,S01077,ok,12,2,1835.1,1869.0,1843.9,0.9952,60.0,0.0,180,102,36.7,S1|S3|S9,323853187 323854170 323862968 323862970 323862974 323863195 323863196 372119873 583524338 583524339 900175101 951200623 1062111971
S01933_S01135,S01933,S01135,ok,4,2,6540.5,6623.9,6547.5,0.9989,,0.9,300,42,78.5,R27|RE51,228093194 323854939 372123744 906605860 906605863 984935183 1467088633 1467088638 1467088639 1467088642
S01933_S01137,S01933,S01137,ok,12,2,14284.7,14458.2,14111.3,1.0123,129.0,0.0,540,54,95.2,RE51|RE54,170512433 170512452 228098501 228098502 228098505 240291405 240291783 320572416 320572418 323854939 372123744 465017970 465017971 906605862 906605863 908558928 984935183 1096699930 1246327410 1467088632 1467088633 1467088638 1467088639 1467088642
S01933_S01642,S01933,S01642,ok,8,4,16969.0,17272.4,16922.5,1.0027,128.8,0.0,720,179,84.8,R17|R22|R27|RE1|RE51|RE54|RE7,23493197 139098167 139099946 139246491 144416357 172763878 197386935 197386941 197386942 197386959 583524328 583524330 900528147 907147492 931817638 931817645 941476751 951200561 951200573 951200577 951200584 951200588 951200592 951200600 951200601 951200602 951200607 951200616 951200627 951200631 984915891 1023978136 1023978137 1023978699 1042634336 1059608663 1059882128 1065182863 1065182873 1065182874 1291762420
S01933_S01724,S01933,S01724,ok,4,2,3153.1,3162.4,3206.8,0.9833,90.0,0.0,240,31,47.3,R22,229062037 372123741 403340959 911389025 955274453 955319030 955319031
S01933_S01729,S01933,S01729,ok,8,2,13466.5,13569.0,13491.8,0.9981,,1.4,840,15,57.7,RE1,175795811 175795814 285813600 372123789 403340960 403340962 870324959 911389024 954590378 955274431 955274440 955274441 955274443 955274445 955274446 955274449 955274450 955274454 955274457 955282073 955284526 955319028 955319029
S01933_S01755,S01933,S01755,ok,2,2,3537.9,3541.2,2955.2,1.1972,,0.8,240,34,53.1,R17,229062033 319228552 1023978851 1023978853 1467088650
S01933_S01757,S01933,S01757,ok,2,2,8887.2,8890.6,8168.8,1.0879,,0.3,600,1,53.3,RE7,229062033 319228552 1023978851 1023978853 1467088650
S01934_S01077,S01934,S01077,ok,4,2,3179.9,3214.3,3033.9,1.0481,,1.5,180,33,63.6,S9,233505422 323862333 323862555 323862559 323862971 323862978 323865090 323865092 323866558 978823723 984949943 984949946 1471089185 1471089187
S01934_S01086,S01934,S01086,ok,1,2,4698.3,4698.3,4872.9,0.9642,,1.3,480,33,35.2,S9,143022683 189999105 323858897 323859784 323860158 323860161 323860163 323865976 323867463 323867881 323867883 438438426 1425996874 1471089157 1471089172 1471089174 1471089175
S01942_S01807,S01942,S01807,ok,17,2,9427.6,9913.7,9387.5,1.0043,,7.6,480,3,70.7,R41,23370642 23370643 190344879 192243818 324589824 324589825 324604058 324604060 324604064 324604067 324604068 324604069 324604074 324604075 984011548
S01942_S01943,S01942,S01943,ok,2,2,4754.2,4754.6,4754.1,1.0,150.0,0.0,240,3,71.3,R41,273942793 274863842 274863843 324604069
S01943_S01942,S01943,S01942,ok,2,2,4754.2,4754.6,4754.1,1.0,150.0,0.0,240,3,71.3,R41,273942793 274863842 274863843 324604069
S01943_S01944,S01943,S01944,ok,2,2,7076.7,7119.7,7113.5,0.9948,,5.8,300,3,84.9,R41,324598712 324598719 324598729 324598732 324604055 324604061
S01944_S01932,S01944,S01932,ok,1,1,4523.0,4523.0,4240.7,1.0666,80.0,0.0,300,13,54.3,R34,44639527 44639529 401960565
S01944_S01943,S01944,S01943,ok,2,2,7076.7,7119.7,7113.5,0.9948,,5.8,360,3,70.8,R41,324598712 324598719 324598729 324598732 324604055 324604061
S01944_S01945,S01944,S01945,ok,7,2,3695.4,3733.3,3610.4,1.0235,,22.2,180,16,73.9,R34|R41,324597492 324597493 324598714 447214885 447214905 447214940 898589930 984014994
S01945_S01944,S01945,S01944,ok,7,2,3695.4,3733.3,3610.4,1.0235,,22.2,180,16,73.9,R34|R41,324597492 324597493 324598714 447214885 447214905 447214940 898589930 984014994
S01945_S01947,S01945,S01947,ok,9,2,4546.0,4678.0,4677.6,0.9719,,5.0,240,9,68.2,R34|R41,432919833 447214839 447214848 447214898 447214915 898589931
S01947_S01945,S01947,S01945,ok,9,2,4546.0,4678.0,4677.6,0.9719,,5.0,240,9,68.2,R34|R41,432919833 447214839 447214848 447214898 447214915 898589931
S01947_S01948,S01947,S01948,ok,9,2,6585.6,6831.7,6366.2,1.0345,,4.5,300,9,79.0,R34|R41,69747633 69747637 390644000 390915653 390915654 430816240 430816241 447214844 447214847 447214887 447214891 447214932 984011549
S01948_S01947,S01948,S01947,ok,9,2,6585.6,6831.7,6366.2,1.0345,,4.5,300,9,79.0,R34|R41,69747633 69747637 390644000 390915653 390915654 430816240 430816241 447214844 447214847 447214887 447214891 447214932 984011549
S01948_S01949,S01948,S01949,ok,15,2,4349.5,5020.8,4265.2,1.0198,,6.1,240,7,65.2,R34|R41,447214902 776881451 776881457 776881459 776881460 984011551 984011552
S01948_S05000,S01948,S05000,ok,15,2,21818.3,22489.7,21189.3,1.0297,,3.5,1020,2,77.0,R34,65085583 65085596 118184916 201094195 201094196 386031716 386031718 386791911 386791912 428893281 428893282 447214902 451798419 776881451 776881457 776881459 776881460 984011551 984011552 984011553 984011556 1105481608 1105481609
S01949_S01948,S01949,S01948,ok,15,2,4349.5,5020.8,4265.2,1.0198,,6.1,240,7,65.2,R34|R41,447214902 776881451 776881457 776881459 776881460 984011551 984011552
S01949_S01950,S01949,S01950,ok,2,2,4596.3,4596.8,4564.3,1.007,150.0,0.0,240,7,68.9,R34|R41,386031715 447214833 447214836 447214837 447214846 447214850 447214852
S01950_S01949,S01950,S01949,ok,2,2,4596.3,4596.8,4564.3,1.007,150.0,0.0,240,7,68.9,R34|R41,386031715 447214833 447214836 447214837 447214846 447214850 447214852
S01950_S01951,S01950,S01951,ok,2,2,4457.4,4512.6,4512.6,0.9878,,0.0,240,7,66.9,R34|R41,386031715 447214933
S01951_S01950,S01951,S01950,ok,2,2,4457.4,4512.6,4512.6,0.9878,,0.0,240,7,66.9,R34|R41,386031715 447214933
S01951_S05000,S01951,S05000,ok,5,2,8310.0,8599.7,7858.3,1.0575,,6.0,480,7,62.3,R34|R41,65085583 65085596 118184916 386031716 386031718 386514647 386791911 451798419 984011553 984011556 1105481608 1105481609
S02026_S02031,S02026,S02031,ok,15,2,15973.8,16067.2,15795.0,1.0113,,0.7,720,1,79.9,RE6,25906396 32059067 32059180 49810953 49834998 49835051 49835052 49835811 90624681 90624682 90624684 131237218 131237227 131237230 131237231 131237235 131237236 132051698 132072175 132072187 132072193 132072204 132072208 132072209 132072227 132072233 132072235 132072240 132072250 132072256 132072270 132072279 132221667 177950796 418145618 418145619 759188587 780351608 791002652 963405299 970457628 970457630 1125820512 1346645062 1346645063 1346883003 1346883004
S02031_S02026,S02031,S02026,ok,15,2,15973.8,16067.2,15795.0,1.0113,,0.7,1080,1,53.2,RE6,25906396 32059067 32059180 49810953 49834998 49835051 49835052 49835811 90624681 90624682 90624684 131237218 131237227 131237230 131237231 131237235 131237236 132051698 132072175 132072187 132072193 132072204 132072208 132072209 132072227 132072233 132072235 132072240 132072250 132072256 132072270 132072279 132221667 177950796 418145618 418145619 759188587 780351608 791002652 963405299 970457628 970457630 1125820512 1346645062 1346645063 1346883003 1346883004
S02031_S02035,S02031,S02035,ok,4,2,22480.6,22485.3,21439.1,1.0486,,2.1,900,1,89.9,RE6,26726850 72370830 72370855 83048131 98647062 98709752 98709753 98709754 98709759 98709760 98709762 101166048 131237225 131237233 131237237 131237240 131237241 131237243 131237244 132072178 132072192 132072199 132072201 132072212 132072217 132072221 132072222 132072224 132072229 132072230 132072232 132072238 132072239 132072243 132072248 132072255 132072264 132072265 132072267 132072272 269678716 269678721 565909819 759188585 759188586 970457633 970457634 1023969735 1023969736 1125820513 1334328200 1346934140 1346934148 1346934149 1346934150 1346934151
S02035_S02031,S02035,S02031,ok,4,2,22480.6,22485.3,21439.1,1.0486,,2.1,960,1,84.3,RE6,26726850 72370830 72370855 83048131 98647062 98709752 98709753 98709754 98709759 98709760 98709762 101166048 131237225 131237233 131237237 131237240 131237241 131237243 131237244 132072178 132072192 132072199 132072201 132072212 132072217 132072221 132072222 132072224 132072229 132072230 132072232 132072238 132072239 132072243 132072248 132072255 132072264 132072265 132072267 132072272 269678716 269678721 565909819 759188585 759188586 970457633 970457634 1023969735 1023969736 1125820513 1334328200 1346934140 1346934148 1346934149 1346934150 1346934151
S02035_S02038,S02035,S02038,ok,8,2,16826.0,17400.1,15052.5,1.1178,,0.5,720,1,84.1,RE6,23649438 26073963 31115986 72370834 72370837 72370847 72370850 79242933 132072185 132072197 132072225 132072228 132072237 132072246 132072257 132080398 215655320 215655322 970489989 1076047667 1076047668 1423677630
S02038_S02035,S02038,S02035,ok,8,2,16826.0,17400.1,15052.5,1.1178,,0.5,600,1,101.0,RE6,23649438 26073963 31115986 72370834 72370837 72370847 72370850 79242933 132072185 132072197 132072225 132072228 132072237 132072246 132072257 132080398 215655320 215655322 970489989 1076047667 1076047668 1423677630
S02038_S02044,S02038,S02044,ok,10,2,23550.0,23554.0,21199.1,1.1109,136.4,0.0,900,1,94.2,RE6,24161645 24161646 24161647 24161648 26828593 38702400 38702401 67553627 70288413 70288414 70288415 70288417 73173978 73173989 104501467 104501474 132051694 132051696 132051702 132051704 132080348 132080349 132080350 132080351 132080354 132080355 132080366 132080367 132080369 132080371 132080372 132080374 132080376 132080378 132080379 132080380 132080383 132080394 132080399 132080403 224421199 224421200 970492548 971464756 971464758 1023970761 1023970764 1071026694 1071026698
S02044_S02038,S02044,S02038,ok,10,2,23550.0,23554.0,21199.1,1.1109,136.4,0.0,780,1,108.7,RE6,24161645 24161646 24161647 24161648 26828593 38702400 38702401 67553627 70288413 70288414 70288415 70288417 73173978 73173989 104501467 104501474 132051694 132051696 132051702 132051704 132080348 132080349 132080350 132080351 132080354 132080355 132080366 132080367 132080369 132080371 132080372 132080374 132080376 132080378 132080379 132080380 132080383 132080394 132080399 132080403 224421199 224421200 970492548 971464756 971464758 1023970761 1023970764 1071026694 1071026698
S02044_S02088,S02044,S02088,ok,10,2,84492.6,84603.0,56526.1,1.4948,,1.4,3660,1,83.1,RE6,6140683 6141797 23914780 24064137 24217390 24217477 28472596 31133517 31133519 33091865 33091869 36852109 69288562 113384274 113384280 115344053 115428014 115428015 115726731 132051675 132051676 132051679 132051680 132051687 132051692 132051695 132051712 132051714 132052552 132052557 132052559 132052561 132052563 132052564 132052566 132052567 132052570 132052571 132052574 132052575 132052578 132052583 132052585 132052592 132052593 132052595 132052596 132052599 132052604 132052606 132052607 132052608 132080356 132080358 132080368 132080381 132080389 132080401 132105707 132105709 132105710 132105712 132105713 132105714 132105715 132105716 132105719 132105725 132105726 132105729 132105730 132105731 132105739 132105740 132105742 132105743 132105744 132105745 132105746 132105749 132105752 132105754 132105757 140953335 140953337 189522666 189522667 296015202 296015203 412078638 412078639 431151529 644590925 644590930 644590931 713444872 713444873 759225593 910554546 910554547 931534373 971473410 971473412 971473413 971473417 971473420 971473421 971473424 977629628 977629629 977629630 1010252764 1023971199 1023971200 1023971201 1023971341 1023971342 1023971447 1023971448 1023973674 1023973675 1023973909 1023973912 1023974707 1023974710 1039710977 1039710978 1100869874 1123347679 1161752743 1161752747 1161752749 1167811505 1167811506 1300273137 1318325924 1332186496 1332429612 1427481392 1427481393 1427481395 1433586028 1433586029 1455570897 1501447881 1501451583 1509467309
S02084_S02088,S02084,S02088,ok,6,2,14127.3,14228.7,13225.0,1.0682,,5.2,480,17,106.0,RE6,6141798 6141799 33514298 33768855 33768856 60856904 60856919 67735137 266158128 266158131 268002904 268002908 268002910 377974576 377974577 759225592 931534376 931534381 977629627 1023975363 1023975364 1023975366 1376488277 1376488278 1376488279
S02084_S09999,S02084,S09999,ok,6,2,27773.9,28059.9,26377.4,1.0529,,4.2,960,18,104.2,RE6,6197201 6197202 65729743 65729748 65729756 65729760 65729763 65729767 68324331 68324337 75476037 75476048 181475560 234783903 234783904 265180247 265180248 265180250 265180251 265180252 265180253 265180254 265180255 265180258 265692066 265692068 265692071 265692073 265692074 265692075 265692079 265698361 265698379 266158125 266158136 266158138 270882003 270882004 302792031 302792032 302792228 302792230 927791037 931534384 977629619 977629621 977629623 977629624 1023975643 1023975646 1138937490 1175627510 1252288396 1376488276 1376488281
S02088_S02044,S02088,S02044,ok,10,2,84492.6,84603.0,56526.1,1.4948,,1.4,3840,1,79.2,RE6,6140683 6141797 23914780 24064137 24217390 24217477 28472596 31133517 31133519 33091865 33091869 36852109 69288562 113384274 113384280 115344053 115428014 115428015 115726731 132051675 132051676 132051679 132051680 132051687 132051692 132051695 132051712 132051714 132052552 132052557 132052559 132052561 132052563 132052564 132052566 132052567 132052570 132052571 132052574 132052575 132052578 132052583 132052585 132052592 132052593 132052595 132052596 132052599 132052604 132052606 132052607 132052608 132080356 132080358 132080368 132080381 132080389 132080401 132105707 132105709 132105710 132105712 132105713 132105714 132105715 132105716 132105719 132105725 132105726 132105729 132105730 132105731 132105739 132105740 132105742 132105743 132105744 132105745 132105746 132105749 132105752 132105754 132105757 140953335 140953337 189522666 189522667 296015202 296015203 412078638 412078639 431151529 644590925 644590930 644590931 713444872 713444873 759225593 910554546 910554547 931534373 971473410 971473412 971473413 971473417 971473420 971473421 971473424 977629628 977629629 977629630 1010252764 1023971199 1023971200 1023971201 1023971341 1023971342 1023971447 1023971448 1023973674 1023973675 1023973909 1023973912 1023974707 1023974710 1039710977 1039710978 1100869874 1123347679 1161752743 1161752747 1161752749 1167811505 1167811506 1300273137 1318325924 1332186496 1332429612 1427481392 1427481393 1427481395 1433586028 1433586029 1455570897 1501447881 1501451583 1509467309
S02088_S02084,S02088,S02084,ok,6,2,14127.3,14228.7,13225.0,1.0682,,5.2,420,18,121.1,RE6,6141798 6141799 33514298 33768855 33768856 60856904 60856919 67735137 266158128 266158131 268002904 268002908 268002910 377974576 377974577 759225592 931534376 931534381 977629627 1023975363 1023975364 1023975366 1376488277 1376488278 1376488279
S02088_S02430,S02088,S02430,ok,13,2,22452.5,23083.5,21855.3,1.0273,,4.6,1080,16,74.8,RE6,6140683 6141797 23999428 24217477 28472596 189522666 189522667 412078638 412078639 644590925 644590930 644590931 759225593 759225609 931534353 931534365 931534373 977629628 977629629 977629630 977629633 1010252764 1023973674 1023973675 1023973909 1023973912 1023974707 1023974710 1123347679 1161752743 1161752747 1161752749 1167811505 1167811506 1300273137 1318325924 1332186496 1427481392 1427481393 1427481395 1455570897
S02430_S02088,S02430,S02088,ok,13,2,22452.5,23083.5,21855.3,1.0273,,4.6,780,17,103.6,RE6,6140683 6141797 23999428 24217477 28472596 189522666 189522667 412078638 412078639 644590925 644590930 644590931 759225593 759225609 931534353 931534365 931534373 977629628 977629629 977629630 977629633 1010252764 1023973674 1023973675 1023973909 1023973912 1023974707 1023974710 1123347679 1161752743 1161752747 1161752749 1167811505 1167811506 1300273137 1318325924 1332186496 1427481392 1427481393 1427481395 1455570897
S04203_S04330,S04203,S04330,ok,19,2,4110.3,4458.1,3889.2,1.0568,,3.4,360,1,41.1,RE13,208878882 298046194 409072485 1013570826 1013570827 1013570828 1068840139
S04330_S01810,S04330,S01810,ok,15,1,14014.7,14091.8,13011.9,1.0771,,2.0,840,1,60.1,RE13,69249552 69249560 178711368 178711369 191732753 224643555 224643560 281246006 281485194 751529057 751529058 759253350 984003154 1013570827 1026423278 1125933400 1205837236 1233853671 1233853672 1233853674 1290019312 1290019313 1290655582 1290655585 1324405313 1334599858
S04330_S04203,S04330,S04203,ok,19,2,4110.3,4458.1,3889.2,1.0568,,3.4,720,1,20.6,RE13,208878882 298046194 409072485 1013570826 1013570827 1013570828 1068840139
S05000_S01827,S05000,S01827,ok,20,2,17018.7,17027.9,15085.6,1.1281,,7.7,660,1,92.8,R38,51752640 51752642 64864166 76819849 76819860 118184916 141630153 183425512 183425513 183425516 183425517 326800885 326800891 326801895 326801904 326802917 326802919 326802922 326802924 326805374 326805381 326805386 326805398 326805433 326807918 326807921 326807938 326807954 377805322 377805326 377805330 838266005 905221355 905221357 905221362 978142954 978142955 978142957 1105481608 1105481609 1256741884 1256741886 1256741890
S05000_S01828,S05000,S01828,ok,20,2,12164.2,12173.4,11476.3,1.0599,,3.2,540,1,81.1,R38,51752640 51752642 76819849 76819860 118184916 183425512 183425513 183425516 183425517 326800885 326800891 326801895 326801904 326802917 326802919 326802922 326802924 326805374 326805386 326805398 326805433 377805322 377805326 905221354 905221359 978142955 978142957 1105481608 1105481609 1256741884 1256741886
S05000_S01829,S05000,S01829,ok,5,2,7990.7,8146.4,7916.7,1.0094,,4.9,420,16,68.5,R38,51752640 51752642 76819849 76819860 118184916 183425512 183425513 183425516 183425517 326800885 326800891 326801895 326801904 326802917 326802922 377805322 978142955 978142957 1105481608 1105481609 1256741886
S05000_S01948,S05000,S01948,ok,15,2,21818.3,22489.7,21189.3,1.0297,,3.5,840,2,93.5,R34,65085583 65085596 118184916 201094195 201094196 386031716 386031718 386791911 386791912 428893281 428893282 447214902 451798419 776881451 776881457 776881459 776881460 984011551 984011552 984011553 984011556 1105481608 1105481609
S05000_S01951,S05000,S01951,ok,5,2,8310.0,8599.7,7858.3,1.0575,,6.0,420,7,71.2,R34|R41,65085583 65085596 118184916 386031716 386031718 386514647 386791911 451798419 984011553 984011556 1105481608 1105481609
S05014_S01853,S05014,S01853,ok,12,1,9994.8,10440.2,8810.6,1.1344,,2.0,480,17,75.0,R8,51699223 78412969 78412972 135401562 353239363 353239364 525722488 525722489 525722490 721537176 983916703 1031124024 1031124025 1031124026 1032638215 1188188578 1188188581 1199490887 1199490889 1201357024 1234610628 1247950401 1247950402 1272222005 1272222006 1272222007 1272222008 1272222009 1272222010
S05201_S05204,S05201,S05204,ok,7,2,19713.6,19794.9,14811.6,1.331,,4.1,1080,3,65.7,S10|S50,6062295 6062296 6062298 23606317 23606490 23606491 23606492 23606494 23606495 23606496 34026637 34026638 34026671 34026709 34026711 34026721 34026723 34026729 34026731 34026734 34026735 35397286 166221415 166255808 200399875 200401778 200401780 200404574 200404578 200405503 200405504 200405505 209342590 209342593 209342598 209342603 209342605 209345998 209345999 209346006 209349324 209353941 209353949 209353958 209353959 209353963 209353964 446621088 446621091 629060813 644510712 644515840 644515843 644885444 644885451 645216754 645216759
S05204_S05201,S05204,S05201,ok,7,2,19713.6,19794.9,14811.6,1.331,,4.1,1080,2,65.7,S10|S50,6062295 6062296 6062298 23606317 23606490 23606491 23606492 23606494 23606495 23606496 34026637 34026638 34026671 34026709 34026711 34026721 34026723 34026729 34026731 34026734 34026735 35397286 166221415 166255808 200399875 200401778 200401780 200404574 200404578 200405503 200405504 200405505 209342590 209342593 209342598 209342603 209342605 209345998 209345999 209346006 209349324 209353941 209353949 209353958 209353959 209353963 209353964 446621088 446621091 629060813 644510712 644515840 644515843 644885444 644885451 645216754 645216759
S05204_S05209,S05204,S05209,ok,6,2,25497.5,25580.6,20210.1,1.2616,,5.5,1440,3,63.7,S10|S50,6056670 6062290 6062292 24886787 24886789 26323965 26323966 26323967 26323968 26323969 34074031 34074032 34074039 34074040 199664201 209353942 209353946 209353953 209353955 214252242 214252245 214252249 214252253 214252257 214260895 214260896 214260901 214260904 214264091 214264095 214264101 214276477 214447648 214447650 214447653 214447654 214455015 214455016 215581324 215581325 215581326 215581327 215581328 215581329 215581330 215581331 215581332 215581333 215581334 215584759 270597821 270597822 270597823 270597827 305063411 305063412 360141158 360141168 433821094 433821103 433821234 453368245 614943019 614949083 614949085 645012386 645012387 645036459 645036479 645036488 888650931 888650932 888650935 888650936 908022363 908022364 908022365 908022366 1003474815 1003474816 1205346628 1205346629 1205346631 1322968036 1322968037 1327057639 1327057642 1493979503 1493979504 1493979507 1493979508
S05209_S05204,S05209,S05204,ok,6,2,25497.5,25580.6,20210.1,1.2616,,5.5,1380,2,66.5,S10|S50,6056670 6062290 6062292 24886787 24886789 26323965 26323966 26323967 26323968 26323969 34074031 34074032 34074039 34074040 199664201 209353942 209353946 209353953 209353955 214252242 214252245 214252249 214252253 214252257 214260895 214260896 214260901 214260904 214264091 214264095 214264101 214276477 214447648 214447650 214447653 214447654 214455015 214455016 215581324 215581325 215581326 215581327 215581328 215581329 215581330 215581331 215581332 215581333 215581334 215584759 270597821 270597822 270597823 270597827 305063411 305063412 360141158 360141168 433821094 433821103 433821234 453368245 614943019 614949083 614949085 645012386 645012387 645036459 645036479 645036488 888650931 888650932 888650935 888650936 908022363 908022364 908022365 908022366 1003474815 1003474816 1205346628 1205346629 1205346631 1322968036 1322968037 1327057639 1327057642 1493979503 1493979504 1493979507 1493979508
S05209_S05212,S05209,S05212,ok,22,2,15377.4,15517.5,15057.1,1.0213,,7.0,540,49,102.5,S10|S11|S50,23606538 23606539 215582911 215582913 215591976 215592015 217341530 217342174 217343489 217348651 217348654 217348656 217348657 217348661 272323679 272323699 280853645 337931665 337931668 384794810 433821157 433821158 433821205 433827038 613881410 613881412 613890935 613890936 616610168 616610169 616610171 616849972 616849973 945600549 945600550 976856920 976856922 976856923 976863787 1333389567
S05212_S05209,S05212,S05209,ok,22,2,15377.4,15517.5,15057.1,1.0213,,7.0,720,51,76.9,S10|S50,23606538 23606539 215582911 215582913 215591976 215592015 217341530 217342174 217343489 217348651 217348654 217348656 217348657 217348661 272323679 272323699 280853645 337931665 337931668 384794810 433821157 433821158 433821205 433827038 613881410 613881412 613890935 613890936 616610168 616610169 616610171 616849972 616849973 945600549 945600550 976856920 976856922 976856923 976863787 1333389567
S05212_S05213,S05212,S05213,ok,10,,3544.9,3693.0,3475.4,1.02,,58.0,240,50,53.2,S10|S11|S50,158665607 217516103 217520107 217520111 217618216 217618223 217877683 412630739 453264883 453264884 453264885 453264886 453264887 453265910 613881408 617354690 617354698 703038957 703038958 744426062 744426065 744445365 744445367 744445368 744445369 744445371 744445372 744445374 744445376 908022368 908022373 908022375 908022376 977347538 977347540 1328097227
S05213_S05212,S05213,S05212,ok,10,,3544.9,3693.0,3475.4,1.02,,58.0,240,51,53.2,S10|S50,158665607 217516103 217520107 217520111 217618216 217618223 217877683 412630739 453264883 453264884 453264885 453264886 453264887 453265910 613881408 617354690 617354698 703038957 703038958 744426062 744426065 744445365 744445367 744445368 744445369 744445371 744445372 744445374 744445376 908022368 908022373 908022375 908022376 977347538 977347540 1328097227
S05213_S05216,S05213,S05216,ok,15,2,14110.4,14289.0,11245.5,1.2548,,7.2,780,4,65.1,S10|S50,23606558 23606559 160670779 160670782 217517777 217517809 217877675 217877680 217877688 217877690 217877691 217877692 217877693 217877694 217877696 217877698 217877699 217877700 217877701 217877703 217881270 217881277 218634702 218634715 218634716 218634717 218634719 218634722 218634726 218634728 218634730 218636305 218636306 218637275 218637280 218637281 322930513 322930514 352682386 352682387 353314623 353314624 414832666 414832669 414832677 414832685 414832687 603728923 603728924 609349506 609349507 609349532 609349533 612444156 612444160 613173094 613173095 613173097 613173098 617284015 617284016 617656461 617656468 619829007 744354590 744354591 744354592 744354594 977354180 977354181 978153181 978153182 1054806693 1054806694 1096511247 1096521691 1163867497 1163867498 1175447927 1175447928 1182605036 1182959068 1182959069 1204563671 1311458254 1311458255
S05213_S05300,S05213,S05300,ok,15,2,23764.1,23942.7,22055.6,1.0775,,4.2,1020,48,83.9,S10|S11|S50,23606558 23606559 25162758 160670779 160670782 217517777 217517809 217877691 217877692 217877696 217877698 217879100 217881270 217892806 217895283 237941429 237986036 237986044 237986045 237998305 237998310 237998317 237998321 238169960 238169968 238173230 322930513 322930514 526811434 603607549 603607554 603615178 603615182 603615187 603631261 603728924 603728926 619424795 785127020 793494461 793540735 793540738 795499138 838599698 977354180 977354181 1084267733 1084267734 1096521691 1096579582
S05213_S05415,S05213,S05415,ok,15,2,5684.1,5862.6,5721.6,0.9934,,4.6,360,2,56.8,S30,23606558 23606559 160670779 160670782 217517777 217517809 217877691 217877692 217877696 217877698 217881270 217895283 237941424 237941426 237941430 237986036 237986037 237986045 237986046 322930513 322930514 526811434 590996576 603607549 603607554 603631261 603728924 603728926 736715367 977354180 977354181 978151280 978151281 1096521691
S05216_S05213,S05216,S05213,ok,15,2,14110.4,14289.0,11245.5,1.2548,,7.2,900,3,56.4,S11|S50,23606558 23606559 160670779 160670782 217517777 217517809 217877675 217877680 217877688 217877690 217877691 217877692 217877693 217877694 217877696 217877698 217877699 217877700 217877701 217877703 217881270 217881277 218634702 218634715 218634716 218634717 218634719 218634722 218634726 218634728 218634730 218636305 218636306 218637275 218637280 218637281 322930513 322930514 352682386 352682387 353314623 353314624 414832666 414832669 414832677 414832685 414832687 603728923 603728924 609349506 609349507 609349532 609349533 612444156 612444160 613173094 613173095 613173097 613173098 617284015 617284016 617656461 617656468 619829007 744354590 744354591 744354592 744354594 977354180 977354181 978153181 978153182 1054806693 1054806694 1096511247 1096521691 1163867497 1163867498 1175447927 1175447928 1182605036 1182959068 1182959069 1204563671 1311458254 1311458255
S05216_S05217,S05216,S05217,ok,10,2,3580.9,3714.5,3315.4,1.0801,,9.3,240,4,53.7,S10|S50,172927359 172927360 218636302 218636309 218637284 369082640 369082643 617656456 617656484 617656488 934187607 934187608 934187611 934187612
S05217_S05216,S05217,S05216,ok,10,2,3580.9,3714.5,3315.4,1.0801,,9.3,240,4,53.7,S11|S40|S50,172927359 172927360 218636302 218636309 218637284 369082640 369082643 617656456 617656484 617656488 934187607 934187608 934187611 934187612
S05217_S05218,S05217,S05218,ok,2,2,5129.8,5131.9,4192.5,1.2236,,8.2,300,4,61.6,S10|S50,77405122 77405156 237991869 237998311 237998318 237998325 360956404 412041721 412041743 412041749 612263048 612263049 612457885 612457886 612457887 612457888 617828425 617828427 617828428 1248144455 1248144456 1502774420 1502983402 1502983404
S05218_S05217,S05218,S05217,ok,2,2,5129.8,5131.9,4192.5,1.2236,,8.2,240,4,76.9,S11|S40|S50,77405122 77405156 237991869 237998311 237998318 237998325 360956404 412041721 412041743 412041749 612263048 612263049 612457885 612457886 612457887 612457888 617828425 617828427 617828428 1248144455 1248144456 1502774420 1502983402 1502983404
S05218_S05219,S05218,S05219,ok,5,2,2098.0,2296.7,1877.1,1.1177,,4.0,180,4,42.0,S10|S50,237994562 237994563 238000923 238000926 348727406 412041741 412041747 412041750 1204737696
S05219_S05218,S05219,S05218,ok,5,2,2098.0,2296.7,1877.1,1.1177,,4.0,180,4,42.0,S11|S40|S50,237994562 237994563 238000923 238000926 348727406 412041741 412041747 412041750 1204737696
S05219_S05300,S05219,S05300,ok,2,2,4381.4,4396.3,4030.4,1.0871,,2.6,360,4,43.8,S10|S50,25162758 237998305 237998321 238169960 238169968 238173230 343547966 343547970 348727414 619424795 793494461 1084267733 1084267734 1096579582 1204737693 1204737696
S05300_S05213,S05300,S05213,ok,15,2,23764.1,23942.7,22055.6,1.0775,,4.2,960,52,89.1,S10|S50,23606558 23606559 25162758 160670779 160670782 217517777 217517809 217877691 217877692 217877696 217877698 217879100 217881270 217892806 217895283 237941429 237986036 237986044 237986045 237998305 237998310 237998317 237998321 238169960 238169968 238173230 322930513 322930514 526811434 603607549 603607554 603615178 603615182 603615187 603631261 603728924 603728926 619424795 785127020 793494461 793540735 793540738 795499138 838599698 977354180 977354181 1084267733 1084267734 1096521691 1096579582
S05300_S05219,S05300,S05219,ok,2,2,4381.4,4396.3,4030.4,1.0871,,2.6,240,4,65.7,S11|S40|S50,25162758 237998305 237998321 238169960 238169968 238173230 343547966 343547970 348727414 619424795 793494461 1084267733 1084267734 1096579582 1204737693 1204737696
S05300_S05301,S05300,S05301,ok,7,2,2288.0,2308.0,1800.5,1.2708,,17.1,120,69,68.6,RE80|S10|S11|S50,238169945 238169947 238169955 238169956 238173214 238173215 238173244 619440376
S05300_S05415,S05300,S05415,ok,7,2,19600.7,19618.5,17406.4,1.1261,,2.4,720,18,98.0,RE80,25162758 217892802 217895281 217895284 237986043 237998305 237998310 237998317 237998321 238169960 238169968 238173230 603741463 603741464 619424795 785127020 793494461 793540735 793540738 793544211 838599698 1084267733 1084267734 1096579582
S05301_S05300,S05301,S05300,ok,7,2,2288.0,2308.0,1800.5,1.2708,,17.1,240,74,34.3,RE80|S10|S11|S40|S50,238169945 238169947 238169955 238169956 238173214 238173215 238173244 619440376
S05301_S05302,S05301,S05302,ok,2,2,4418.5,4422.1,3686.9,1.1984,,11.5,240,53,66.3,RE80|S10|S11|S50,25178802 26331944 26331945 26356709 26356710 38764416 38764417 238169952 238169967 238173222 238173229 238173246 766677090 766677092
S05301_S13143,S05301,S13143,ok,2,2,15844.8,15848.4,13548.8,1.1695,,13.4,780,16,73.1,RE80,6056149 6056150 25170813 25170814 25178802 26331944 26331945 26356709 26356710 26815234 26815235 38764416 38764417 87325696 87325698 100283331 100283334 102502665 142457598 142457600 172326856 172326857 172326867 172326872 172326877 172326884 172326885 172326888 173487676 173487677 173587361 173587370 173587372 173602656 173602658 173602661 173602662 173664899 173664915 238169952 238169954 238169967 238173222 238173225 238173229 238173246 238174613 299071221 299071222 766677090 766677092
S05302_S05301,S05302,S05301,ok,2,2,4418.5,4422.1,3686.9,1.1984,,11.5,240,56,66.3,RE80|S10|S11|S50,25178802 26331944 26331945 26356709 26356710 38764416 38764417 238169952 238169967 238173222 238173229 238173246 766677090 766677092
S05302_S05303,S05302,S05303,ok,7,2,3634.8,3680.5,3260.7,1.1147,,16.5,240,53,54.5,RE80|S10|S11|S50,6056149 6056150 25170813 25170814 26815234 26815235 87325696 87325698 100283331 100283334 102502665 172326865 172326871 172326884 238173218 238173219 238173235 238174613
S05303_S05302,S05303,S05302,ok,7,2,3634.8,3680.5,3260.7,1.1147,,16.5,180,56,72.7,RE80|S10|S11|S50,6056149 6056150 25170813 25170814 26815234 26815235 87325696 87325698 100283331 100283334 102502665 172326865 172326871 172326884 238173218 238173219 238173235 238174613
S05303_Z05304,S05303,Z05304,ok,6,2,3514.3,3666.8,3308.0,1.0624,,5.2,180,53,70.3,RE80|S10|S11|S50,142457598 142457600 172326849 172326857 172326859 172326861 172326866 172326870 172326876 172326877 173487676 173487677 173587370 173587372 1346365522
S05306_S01301,S05306,S01301,ok,16,,2655.4,2665.4,2637.4,1.0068,75.6,0.0,240,49,39.8,RE80|S10|S11|S40,173937411 173937438 173945444 173945447 173945448 173945451 173945452 173945453 173953285 900954053 973578076 1006404598 1084267730 1096521688
S05306_S13143,S05306,S13143,ok,6,,4792.8,5102.3,3213.6,1.4914,,12.8,300,51,57.5,RE80|S10|S11|S40,172026229 173661841 173664891 173664895 173664896 173664903 173664909 173911504 173922104 173922106 173922108 173922123 173922124 173922125 173922126 173922127 173937428 974416031 974416034 1497189340
S05400_S05417,S05400,S05417,ok,6,1,1395.4,1481.8,1437.2,0.9709,,30.7,120,16,41.9,RE80,238368746 238368753 617348548 760043098 1071319537 1071319538 1072623630 1072623631 1217813885
S05401_S05402,S05401,S05402,ok,2,1,1124.2,1125.2,1087.9,1.0333,78.6,0.0,60,16,67.5,RE80,25335878 25335880 71270747 71270748 238368712 401482676 1089516144
S05401_S05417,S05401,S05417,ok,2,1,2848.5,2849.7,2515.1,1.1326,,8.7,240,18,42.7,RE80,23606602 23606603 71270747 71337727 71337734 238368678 238368681 238368707 301700654 301700655 617347636 1020849199 1020849200 1217813862 1217813865 1217813866 1217813885 1217813887 1219721282 1491739331
S05402_S05401,S05402,S05401,ok,2,1,1124.2,1125.2,1087.9,1.0333,78.6,0.0,180,18,22.5,RE80,25335878 25335880 71270747 71270748 238368712 401482676 1089516144
S05402_S05412,S05402,S05412,ok,2,1,1544.3,1544.9,1625.6,0.95,115.0,0.0,120,16,46.3,RE80,1089516142 1089516143 1159923599 1228904198 1228904199
S05404_S05405,S05404,S05405,ok,13,1,4463.9,4494.7,4187.9,1.0659,,10.3,180,5,89.3,S30,218643021 218643026 218645082 218645084 313980347 313980348 313980350 313980351 317936480 354414183 354414184 414761156 414761159 414761161 414767702 437776320 437776321 612002470 865261995 868256960 868256981 941426280 1278641057
S05404_S05412,S05404,S05412,ok,13,1,5443.2,5474.1,4978.7,1.0933,115.4,0.0,300,18,65.3,RE80,20128268 25335876 218645081 218645082 414761159 612002446 617428828 617428830 941426280 974791106 974791107 974791109 1084267738
S05404_S05415,S05404,S05415,ok,12,2,2572.9,3070.1,2644.5,0.9729,,15.1,120,17,77.2,RE80|S30,35397397 218643015 218643041 414758901 414758904 414761154 414761158 617092470 977474625 977474626 977958159 977958160
S05405_S05404,S05405,S05404,ok,13,1,4463.9,4494.7,4187.9,1.0659,,10.3,300,4,53.6,S30,218643021 218643026 218645082 218645084 313980347 313980348 313980350 313980351 317936480 354414183 354414184 414761156 414761159 414761161 414767702 437776320 437776321 612002470 865261995 868256960 868256981 941426280 1278641057
S05405_S05406,S05405,S05406,ok,2,1,2907.6,2908.3,2936.2,0.9903,,5.7,240,5,43.6,S30,238494230 238494238 238494240 288770668 288770670 358977203 358977208 614577035 614577036 722049623 722049624 1056621075 1056621076 1163482407 1163482408 1236623410 1236623411 1469203716 1469203717 1469203718 1469203719 1469203730 1469203731
S05406_S05405,S05406,S05405,ok,2,1,2907.6,2908.3,2936.2,0.9903,,5.7,180,4,58.2,S30,238494230 238494238 238494240 288770668 288770670 358977203 358977208 614577035 614577036 722049623 722049624 1056621075 1056621076 1163482407 1163482408 1236623410 1236623411 1469203716 1469203717 1469203718 1469203719 1469203730 1469203731
S05406_S05407,S05406,S05407,ok,4,1,3564.1,4073.1,3509.5,1.0156,80.0,0.0,240,5,53.5,S30,172117763 172117764 172117765 172117766 238494231 238494236 238494237 447725086 447725087 617576292 1056467729 1056467730 1056471944 1056471945 1056471946 1056471947 1056474040 1096665400 1278639612 1278639613 1278639614 1278639615 1278639616 1278639617 1278639618 1278639619 1278639620 1278639621 1278639622 1278639623 1395062720 1395062721
S05407_S05406,S05407,S05406,ok,4,1,3564.1,4073.1,3509.5,1.0156,80.0,0.0,300,4,42.8,S30,172117763 172117764 172117765 172117766 238494231 238494236 238494237 447725086 447725087 617576292 1056467729 1056467730 1056471944 1056471945 1056471946 1056471947 1056474040 1096665400 1278639612 1278639613 1278639614 1278639615 1278639616 1278639617 1278639618 1278639619 1278639620 1278639621 1278639622 1278639623 1395062720 1395062721
S05407_S05408,S05407,S05408,ok,2,1,3145.9,3147.4,3098.0,1.0155,80.0,0.0,240,1,47.2,S30,28862633 28862635 160200968 160200969 172117761 172117762 238494223 238494236 359243318 359243319 617587304 617587306 617587307 1231039676 1231039677 1278636457 1278636458 1278639610 1278639611 1467816626 1467816627 1467816629 1467816630 1467816633 1467816634
S05407_S05410,S05407,S05410,ok,2,1,2286.2,2287.7,2240.4,1.0205,80.0,0.0,120,4,68.6,S30,160200968 160200969 172117761 172117762 238494223 238494236 617587304 617587306 617587307 1231039676 1231039677 1278639610 1278639611 1467816626 1467816627 1467816629 1467816630 1467816633 1467816634
S05408_S01110,S05408,S01110,ok,2,1,3990.9,3991.2,3666.3,1.0885,83.4,0.0,300,4,47.9,S30,41848498 41848499 87922563 87922604 87922618 87922619 238494222 238494224 238494225 281260483 281260485 359440740 359440741 656481228 656481229 744962063 993344195 993344196 1056598577 1056598578 1278648030 1278648031 1278648032 1278648033
S05408_S01113,S05408,S01113,ok,2,1,16956.5,17030.4,13691.4,1.2385,88.0,0.0,1380,1,44.2,S30,27546713 35397478 41848498 41848499 87900417 87900418 87900419 87900420 87900421 87900423 87901090 87901091 87901092 87901093 87901094 87901095 87902998 87903000 87905459 87905460 87922563 87922570 87922576 87922582 87922590 87922602 87922604 87922607 87922614 87922618 87922619 87922621 125095114 125095115 125095116 181513571 181513572 181513573 181513574 181513575 181513576 181513578 181513579 181513580 181513581 181513585 181513586 181513587 238494222 238494224 238494225 281260483 281260485 359440740 359440741 368142240 368142241 401482674 401482675 437947249 437947254 656481228 656481229 744962063 744981227 744981233 745254776 993344195 993344196 1056598577 1056598578 1096665398 1096665399 1131705001 1131705002 1278648030 1278648031 1278648032 1278648033
S05408_S05410,S05408,S05410,ok,2,1,818.6,892.5,857.7,0.9544,80.0,0.0,60,4,49.1,S30,28862635 359243318 359243319 1278636457 1278636458
S05410_S05407,S05410,S05407,ok,2,1,2286.2,2287.7,2240.4,1.0205,80.0,0.0,180,4,45.7,S30,160200968 160200969 172117761 172117762 238494223 238494236 617587304 617587306 617587307 1231039676 1231039677 1278639610 1278639611 1467816626 1467816627 1467816629 1467816630 1467816633 1467816634
S05410_S05408,S05410,S05408,ok,2,1,818.6,892.5,857.7,0.9544,80.0,0.0,180,4,16.4,S30,28862635 359243318 359243319 1278636457 1278636458
S05412_S05402,S05412,S05402,ok,2,1,1544.3,1544.9,1625.6,0.95,115.0,0.0,120,18,46.3,RE80,1089516142 1089516143 1159923599 1228904198 1228904199
S05412_S05404,S05412,S05404,ok,13,1,5443.2,5474.1,4978.7,1.0933,115.4,0.0,360,16,54.4,RE80,20128268 25335876 218645081 218645082 414761159 612002446 617428828 617428830 941426280 974791106 974791107 974791109 1084267738
S05415_S05213,S05415,S05213,ok,15,2,5684.1,5862.6,5721.6,0.9934,,4.6,420,1,48.7,S30,23606558 23606559 160670779 160670782 217517777 217517809 217877691 217877692 217877696 217877698 217881270 217895283 237941424 237941426 237941430 237986036 237986037 237986045 237986046 322930513 322930514 526811434 590996576 603607549 603607554 603631261 603728924 603728926 736715367 977354180 977354181 978151280 978151281 1096521691
S05415_S05300,S05415,S05300,ok,7,2,19600.7,19618.5,17406.4,1.1261,,2.4,780,16,90.5,RE80,25162758 217892802 217895281 217895284 237986043 237998305 237998310 237998317 237998321 238169960 238169968 238173230 603741463 603741464 619424795 785127020 793494461 793540735 793540738 793544211 838599698 1084267733 1084267734 1096579582
S05415_S05404,S05415,S05404,ok,12,2,2572.9,3070.1,2644.5,0.9729,,15.1,180,20,51.5,RE80|S30,35397397 218643015 218643041 414758901 414758904 414761154 414761158 617092470 977474625 977474626 977958159 977958160
S05417_S05400,S05417,S05400,ok,6,1,1395.4,1481.8,1437.2,0.9709,,30.7,240,18,20.9,RE80,238368746 238368753 617348548 760043098 1071319537 1071319538 1072623630 1072623631 1217813885
S05417_S05401,S05417,S05401,ok,2,1,2848.5,2849.7,2515.1,1.1326,,8.7,300,16,34.2,RE80,23606602 23606603 71270747 71337727 71337734 238368678 238368681 238368707 301700654 301700655 617347636 1020849199 1020849200 1217813862 1217813865 1217813866 1217813885 1217813887 1219721282 1491739331
S09998_S01307,S09998,S01307,ok,11,2,3839.7,3973.8,2871.6,1.3371,,7.4,240,86,57.6,R18|RE80|S10|S11|S40,224793843 224851940 226740085 227132886 957572012
S09998_S01312,S09998,S01312,ok,4,2,5225.1,5301.3,4776.9,1.0938,102.3,0.0,300,37,62.7,S11,134270337 134270338 134270348 134270352 224784603 224784604 315115564 315115591 957464534 984060168 1460143232 1460143233 1460143246
S09998_S01318,S09998,S01318,ok,19,2,20944.4,21051.9,18029.9,1.1616,,1.0,1020,17,73.9,RE80,4719949 43017839 43017840 52131155 52131640 52131641 52131728 52131729 52131813 52131814 52131815 60229522 134270329 134270332 134270334 134270337 134270338 134270344 134270347 134270348 134270352 134270353 217807737 217807739 224644886 224645981 224737996 224737999 224743344 224743345 224743352 224784603 224784604 241025388 315115564 315115591 372078844 374945151 374945153 957464534 984060168 984060171 984060172 984060173 1031302523 1077903476 1092219756 1280890549 1460143232 1460143233 1460143246 1460143248 1460143255 1460143266 1460143267
S09998_S01450,S09998,S01450,ok,1,1,3239.7,3239.7,1388.6,2.333,,22.1,300,11,38.9,R18,35550324 92986557 92986578 224789662 224789665 224790502 226739291 315115584 957464534 984053961 1460143232 1460143233
S09998_S01451,S09998,S01451,ok,4,1,7209.6,7273.9,5208.2,1.3843,,9.9,540,1,48.1,R18,35550324 48360121 48360122 48360123 48360124 92986557 92986578 224789662 224789665 224790502 226739291 315115584 957464534 984053961 1175021401 1175021402 1175021405 1175021406 1175021407 1175021408 1460143232 1460143233
S09999_S01021,S09999,S01021,ok,7,2,31775.4,31826.6,18733.9,1.6961,,4.7,1320,14,86.7,R3|RE3,28422757 28662842 58417144 58478896 58478897 62285858 63556920 63556939 63611016 75580133 75580143 75580159 75580173 89477290 94722236 94722253 94722255 94722273 94722276 94795604 94815433 94815434 94815435 94937239 94937241 94961319 107326177 125459970 125459971 177479692 177479694 179161421 179161424 187058990 281601154 281601156 281601157 281601160 288491271 288491273 292489961 292489963 292792370 292792372 349503805 349503808 349503812 349503822 351704545 351704550 389671800 389671806 397350530 397350533 427163767 555418127 555418128 712089279 789237289 803223255 803223256 838263828 838263829 900165601 927791017 927791018 927791033 927791048 970437774 970437775 981332939 984898904 984898905 984898906 1021438072 1021438074 1055343522 1055343523 1134017153 1252634294 1443309744 1443309745 1443310561
S09999_S01538,S09999,S01538,ok,20,2,26940.0,27866.1,25948.7,1.0382,,3.3,1440,1,67.3,R1,40493988 40493993 54746425 54746431 54746435 54746442 89477290 94722236 94722253 94722255 94722273 94722276 94795604 94815433 94815434 94815435 94937241 94961319 107326177 151823987 177479692 177479694 179161421 179161424 192752799 281601154 281601156 281601157 281601160 288491271 288491273 292489961 292489963 292792370 292792372 349503805 349503808 349503812 349503822 351704545 351704550 374504564 375849558 375849559 389671800 389671806 397350530 397350533 555418127 555418128 712089279 900161311 900161312 900161315 900161316 900165601 927791001 927791017 927791018 927791033 927791048 927791053 927791063 927791064 927791065 981332939 982933928 982933929 1021438072 1021438074 1134017153
S09999_S01708,S09999,S01708,ok,16,2,49504.6,49674.7,48678.3,1.017,,1.4,1920,1,92.8,RE6,38287009 54677323 71196156 71196160 89477290 94722236 94722253 94722255 94722273 94722276 94795604 94815433 94815434 94815435 94937241 94937266 94961319 107326177 177479692 177479694 179161421 179161424 192752821 275503381 275503383 275505946 275505964 275509875 275509877 275509879 275509881 275509883 275509884 275509888 275509889 275509890 275509892 275514127 275515442 275523405 281601154 281601156 281601157 281601160 288491271 288491272 288491273 292489961 292489963 292792370 292792372 349503805 349503808 349503812 349503822 351704545 351704550 387307048 389671800 389671806 396528072 397350530 397350533 555418127 555418128 598202654 598202656 625789722 712089279 927791016 927791033 927791048 927791055 931534387 931534388 931534389 931534390 931534392 931534393 931534406 981332939 981332941 1005812467 1005812469 1021438072 1021438074 1086918454 1086918455 1086918459 1086918460 1134017153 1212516999 1212517000 1212518613 1212518614
S09999_S01713,S09999,S01713,ok,20,2,22873.0,23799.1,22329.8,1.0243,,1.4,720,1,114.4,RE6,89477290 94722236 94722253 94722255 94722273 94722276 94795604 94815433 94815434 94815435 94937241 94937266 94961319 107326177 177479692 177479694 179161421 179161424 192752821 275514127 275515442 275523405 281601154 281601156 281601157 281601160 288491271 288491272 288491273 292489961 292489963 292792370 292792372 349503805 349503808 349503812 349503822 351704545 351704550 389671800 389671806 397350530 397350533 555418127 555418128 712089279 927791016 927791033 927791048 927791055 931534387 931534389 981332939 981332941 1021438072 1021438074 1134017153
S09999_S01714,S09999,S01714,ok,19,2,16861.6,17531.5,16652.2,1.0126,,4.1,600,22,101.2,R1|RE6,89477290 94722236 94722253 94722255 94722273 94722276 94795604 94815433 94815434 94815435 94937241 94961319 107326177 177479692 177479694 179161421 179161424 281601154 281601156 281601157 281601160 288491271 288491273 292489961 292489963 292792370 292792372 349503805 349503808 349503812 349503822 351704545 351704550 389671800 389671806 397350530 397350533 555418127 555418128 712089279 900165601 927791001 927791017 927791018 927791033 927791048 927791053 981332939 1021438072 1021438074 1134017153
S09999_S01716,S09999,S01716,ok,5,2,11030.9,11178.8,10902.9,1.0117,,2.0,360,33,110.3,R1|R4|R5,94722236 94722253 94722255 94722273 94722276 94795604 94815433 94815434 94815435 94961319 177479692 177479694 179161421 179161424 292489961 292489963 292792370 292792372 349503805 349503808 349503812 349503822 351704545 351704550 389671800 389671806 397350530 397350533 555418127 555418128 712089279 927791033 1021438072 1021438074 1134017153
S09999_S01797,S09999,S01797,ok,6,1,1931.7,2083.4,2099.2,0.9202,56.7,0.0,180,20,38.6,R3|S31,30109444 851908754 851908755 851908756 927791041 984898897 984898898 1246319674
S09999_S01900,S09999,S01900,ok,17,1,6760.8,6887.6,4563.7,1.4814,,15.9,300,32,81.1,R5|R8,30145294 62080605 74766794 91075495 91075510 91559167 91559168 91559172 181475560 540455285 657642968 668451946 668451959 668451965 668451966 927791037 983664541 1138937490 1175627510 1252634293
S09999_S02084,S09999,S02084,ok,6,2,27773.9,28059.9,26377.4,1.0529,,4.2,900,17,111.1,RE6,6197201 6197202 65729743 65729748 65729756 65729760 65729763 65729767 68324331 68324337 75476037 75476048 181475560 234783903 234783904 265180247 265180248 265180250 265180251 265180252 265180253 265180254 265180255 265180258 265692066 265692068 265692071 265692073 265692074 265692075 265692079 265698361 265698379 266158125 266158136 266158138 270882003 270882004 302792031 302792032 302792228 302792230 927791037 931534384 977629619 977629621 977629623 977629624 1023975643 1023975646 1138937490 1175627510 1252288396 1376488276 1376488281
S13143_S01301,S13143,S01301,ok,17,,7448.6,8680.8,5818.0,1.2803,,9.5,480,16,55.9,RE80,40332336 40332337 76238246 76238253 172026229 173661841 173664891 173664895 173664896 173664903 173664909 173911504 173922104 173922106 173922108 173922123 173922124 173922125 173922126 173922127 173937428 173937440 173945448 173945450 173945453 173953285 900954053 973578076 974416031 974416034 1006404598 1084267730 1096521688 1497189340
S13143_S05301,S13143,S05301,ok,2,2,15844.8,15848.4,13548.8,1.1695,,13.4,720,18,79.2,RE80|S40|S50,6056149 6056150 25170813 25170814 25178802 26331944 26331945 26356709 26356710 26815234 26815235 38764416 38764417 87325696 87325698 100283331 100283334 102502665 142457598 142457600 172326856 172326857 172326867 172326872 172326877 172326884 172326885 172326888 173487676 173487677 173587361 173587370 173587372 173602656 173602658 173602661 173602662 173664899 173664915 238169952 238169954 238169967 238173222 238173225 238173229 238173246 238174613 299071221 299071222 766677090 766677092
S13143_S05306,S13143,S05306,ok,6,,4792.8,5102.3,3213.6,1.4914,,12.8,180,49,95.9,RE80|S10|S11|S40,172026229 173661841 173664891 173664895 173664896 173664903 173664909 173911504 173922104 173922106 173922108 173922123 173922124 173922125 173922126 173922127 173937428 974416031 974416034 1497189340
S13143_S19901,S13143,S19901,ok,8,2,1019.8,1021.3,971.5,1.0497,118.7,0.0,60,56,61.2,RE80|S10|S11|S50,173602654 173602656 173664899 173664915 299071223
S13143_S19919,S13143,S19919,ok,9,2,3508.3,3510.9,3406.3,1.03,,19.8,180,34,70.2,S40|S50,140953302 140953310 173661841 173664895 173664896 173664903 173664909 173911504 173911507 238007295 238007304 238068719 238068720 315115582 315115597 315123446 315123448 611770184 611781300
S17451_S01795,S17451,S01795,ok,2,1,4805.0,4805.4,4566.4,1.0523,88.1,0.0,240,20,72.1,R3|S31,61981953 61981958 75664732 77864198 77864199 77864202 99319386 99319387 389671797 984898901 1246293210 1246293211
S17451_S01797,S17451,S01797,ok,5,1,1754.3,1819.0,1752.1,1.0012,,14.4,120,18,52.6,R3|S31,28422756 30548915 75664715 75665429 77864194 77864196 77864197 77864200 77864201 77864203 77864204 77864205 972174197 984898899
S19901_S13143,S19901,S13143,ok,8,2,1019.8,1021.3,971.5,1.0497,118.7,0.0,180,53,20.4,RE80|S10|S11|S50,173602654 173602656 173664899 173664915 299071223
S19901_Z05304,S19901,Z05304,ok,6,,3056.8,3076.3,2839.8,1.0764,,23.4,180,56,61.1,RE80|S10|S11|S50,173587361 173597906 173602662
S19919_S01206,S19919,S01206,ok,6,2,3435.4,3485.4,3177.9,1.081,93.7,0.0,180,35,68.7,S40|S50,238007295 238007297 238007302 238007307 538953117 538953119 984730403 1056477356
S19919_S13143,S19919,S13143,ok,9,2,3508.3,3510.9,3406.3,1.03,,19.8,240,35,52.6,S40|S50,140953302 140953310 173661841 173664895 173664896 173664903 173664909 173911504 173911507 238007295 238007304 238068719 238068720 315115582 315115597 315123446 315123448 611770184 611781300
Z05304_S05303,Z05304,S05303,ok,6,2,3514.3,3666.8,3308.0,1.0624,,5.2,240,56,52.7,RE80|S10|S11|S50,142457598 142457600 172326849 172326857 172326859 172326861 172326866 172326870 172326876 172326877 173487676 173487677 173587370 173587372 1346365522
Z05304_S19901,Z05304,S19901,ok,6,,3056.8,3076.3,2839.8,1.0764,,23.4,180,53,61.1,RE80|S10|S11|S50,173587361 173597906 173602662
